Metric,SalesDate,Amount
Gross sales,2024-01-01,0.0
Refunds,2024-01-01,0.0
Net sales,2024-01-01,0.0
Overpayments,2024-01-01,0.0
Taxes expected,2024-01-01,0.0
Taxes collected,2024-01-01,0.0
Tips,2024-01-01,0.0
Amount collected,2024-01-01,0.0
Unpaid balance,2024-01-01,0.0
Gross sales,2024-01-02,0.0
Refunds,2024-01-02,0.0
Net sales,2024-01-02,0.0
Overpayments,2024-01-02,0.0
Taxes expected,2024-01-02,0.0
Taxes collected,2024-01-02,0.0
Tips,2024-01-02,0.0
Amount collected,2024-01-02,0.0
Unpaid balance,2024-01-02,0.0
Gross sales,2024-01-03,2083.19
Refunds,2024-01-03,0.0
Net sales,2024-01-03,2083.19
Overpayments,2024-01-03,0.0
Taxes expected,2024-01-03,191.79
Taxes collected,2024-01-03,191.79
Tips,2024-01-03,22.73
Amount collected,2024-01-03,2297.71
Unpaid balance,2024-01-03,0.0
Gross sales,2024-01-04,2243.84
Refunds,2024-01-04,0.0
Net sales,2024-01-04,2243.84
Overpayments,2024-01-04,0.0
Taxes expected,2024-01-04,203.35
Taxes collected,2024-01-04,203.35
Tips,2024-01-04,46.39
Amount collected,2024-01-04,2493.58
Unpaid balance,2024-01-04,0.0
Gross sales,2024-01-05,2802.67
Refunds,2024-01-05,0.0
Net sales,2024-01-05,2802.67
Overpayments,2024-01-05,0.0
Taxes expected,2024-01-05,257.8
Taxes collected,2024-01-05,257.8
Tips,2024-01-05,58.25
Amount collected,2024-01-05,3118.72
Unpaid balance,2024-01-05,0.0
Gross sales,2024-01-06,2740.08
Refunds,2024-01-06,0.0
Net sales,2024-01-06,2740.08
Overpayments,2024-01-06,0.0
Taxes expected,2024-01-06,249.73
Taxes collected,2024-01-06,249.73
Tips,2024-01-06,50.9
Amount collected,2024-01-06,3040.71
Unpaid balance,2024-01-06,0.0
Gross sales,2024-01-07,2762.58
Refunds,2024-01-07,0.0
Net sales,2024-01-07,2762.58
Overpayments,2024-01-07,0.0
Taxes expected,2024-01-07,250.7
Taxes collected,2024-01-07,250.7
Tips,2024-01-07,30.79
Amount collected,2024-01-07,3044.07
Unpaid balance,2024-01-07,0.0
Gross sales,2024-01-08,1756.1
Refunds,2024-01-08,0.0
Net sales,2024-01-08,1756.1
Overpayments,2024-01-08,0.0
Taxes expected,2024-01-08,158.9
Taxes collected,2024-01-08,157.89
Tips,2024-01-08,31.96
Amount collected,2024-01-08,1945.95
Unpaid balance,2024-01-08,0.0
Gross sales,2024-01-09,0.0
Refunds,2024-01-09,0.0
Net sales,2024-01-09,0.0
Overpayments,2024-01-09,0.0
Taxes expected,2024-01-09,0.0
Taxes collected,2024-01-09,0.0
Tips,2024-01-09,0.0
Amount collected,2024-01-09,0.0
Unpaid balance,2024-01-09,0.0
Gross sales,2024-01-10,1928.81
Refunds,2024-01-10,0.0
Net sales,2024-01-10,1928.81
Overpayments,2024-01-10,0.0
Taxes expected,2024-01-10,176.19
Taxes collected,2024-01-10,176.19
Tips,2024-01-10,43.7
Amount collected,2024-01-10,2148.7
Unpaid balance,2024-01-10,0.0
Gross sales,2024-01-11,1971.72
Refunds,2024-01-11,0.0
Net sales,2024-01-11,1971.72
Overpayments,2024-01-11,0.0
Taxes expected,2024-01-11,179.36
Taxes collected,2024-01-11,179.36
Tips,2024-01-11,40.12
Amount collected,2024-01-11,2191.2
Unpaid balance,2024-01-11,0.0
Gross sales,2024-01-12,2652.8
Refunds,2024-01-12,0.0
Net sales,2024-01-12,2652.8
Overpayments,2024-01-12,0.0
Taxes expected,2024-01-12,244.94
Taxes collected,2024-01-12,244.94
Tips,2024-01-12,29.95
Amount collected,2024-01-12,2927.69
Unpaid balance,2024-01-12,0.0
Gross sales,2024-01-13,2511.85
Refunds,2024-01-13,0.0
Net sales,2024-01-13,2511.85
Overpayments,2024-01-13,0.0
Taxes expected,2024-01-13,233.63
Taxes collected,2024-01-13,233.63
Tips,2024-01-13,31.75
Amount collected,2024-01-13,2777.23
Unpaid balance,2024-01-13,0.0
Gross sales,2024-01-14,2812.97
Refunds,2024-01-14,0.0
Net sales,2024-01-14,2812.97
Overpayments,2024-01-14,0.0
Taxes expected,2024-01-14,254.65
Taxes collected,2024-01-14,254.65
Tips,2024-01-14,39.36
Amount collected,2024-01-14,3106.98
Unpaid balance,2024-01-14,0.0
Gross sales,2024-01-15,1634.11
Refunds,2024-01-15,0.0
Net sales,2024-01-15,1634.11
Overpayments,2024-01-15,0.0
Taxes expected,2024-01-15,150.52
Taxes collected,2024-01-15,150.52
Tips,2024-01-15,33.24
Amount collected,2024-01-15,1817.87
Unpaid balance,2024-01-15,0.0
Gross sales,2024-01-16,0.0
Refunds,2024-01-16,0.0
Net sales,2024-01-16,0.0
Overpayments,2024-01-16,0.0
Taxes expected,2024-01-16,0.0
Taxes collected,2024-01-16,0.0
Tips,2024-01-16,0.0
Amount collected,2024-01-16,0.0
Unpaid balance,2024-01-16,0.0
Gross sales,2024-01-17,1875.05
Refunds,2024-01-17,0.0
Net sales,2024-01-17,1875.05
Overpayments,2024-01-17,0.0
Taxes expected,2024-01-17,172.21
Taxes collected,2024-01-17,172.21
Tips,2024-01-17,40.92
Amount collected,2024-01-17,2088.18
Unpaid balance,2024-01-17,0.0
Gross sales,2024-01-18,2168.22
Refunds,2024-01-18,0.0
Net sales,2024-01-18,2168.22
Overpayments,2024-01-18,0.0
Taxes expected,2024-01-18,199.59
Taxes collected,2024-01-18,199.59
Tips,2024-01-18,28.02
Amount collected,2024-01-18,2395.83
Unpaid balance,2024-01-18,0.0
Gross sales,2024-01-19,2784.69
Refunds,2024-01-19,0.0
Net sales,2024-01-19,2784.69
Overpayments,2024-01-19,0.0
Taxes expected,2024-01-19,254.33
Taxes collected,2024-01-19,254.33
Tips,2024-01-19,68.16
Amount collected,2024-01-19,3107.18
Unpaid balance,2024-01-19,0.0
Gross sales,2024-01-20,3151.2
Refunds,2024-01-20,0.0
Net sales,2024-01-20,3151.2
Overpayments,2024-01-20,0.0
Taxes expected,2024-01-20,292.92
Taxes collected,2024-01-20,292.92
Tips,2024-01-20,76.99
Amount collected,2024-01-20,3521.11
Unpaid balance,2024-01-20,0.0
Gross sales,2024-01-21,2733.45
Refunds,2024-01-21,0.0
Net sales,2024-01-21,2733.45
Overpayments,2024-01-21,0.0
Taxes expected,2024-01-21,250.77
Taxes collected,2024-01-21,250.77
Tips,2024-01-21,45.1
Amount collected,2024-01-21,3029.32
Unpaid balance,2024-01-21,0.0
Gross sales,2024-01-22,1616.0
Refunds,2024-01-22,0.0
Net sales,2024-01-22,1616.0
Overpayments,2024-01-22,0.0
Taxes expected,2024-01-22,147.23
Taxes collected,2024-01-22,147.23
Tips,2024-01-22,25.62
Amount collected,2024-01-22,1788.85
Unpaid balance,2024-01-22,0.0
Gross sales,2024-01-23,1965.68
Refunds,2024-01-23,0.0
Net sales,2024-01-23,1965.68
Overpayments,2024-01-23,0.0
Taxes expected,2024-01-23,181.19
Taxes collected,2024-01-23,181.19
Tips,2024-01-23,35.54
Amount collected,2024-01-23,2182.41
Unpaid balance,2024-01-23,0.0
Gross sales,2024-01-24,2015.54
Refunds,2024-01-24,0.0
Net sales,2024-01-24,2015.54
Overpayments,2024-01-24,0.0
Taxes expected,2024-01-24,182.44
Taxes collected,2024-01-24,182.44
Tips,2024-01-24,48.45
Amount collected,2024-01-24,2246.43
Unpaid balance,2024-01-24,0.0
Gross sales,2024-01-25,2260.05
Refunds,2024-01-25,0.0
Net sales,2024-01-25,2260.05
Overpayments,2024-01-25,0.0
Taxes expected,2024-01-25,207.34
Taxes collected,2024-01-25,207.34
Tips,2024-01-25,27.28
Amount collected,2024-01-25,2494.67
Unpaid balance,2024-01-25,0.0
Gross sales,2024-01-26,2816.85
Refunds,2024-01-26,0.0
Net sales,2024-01-26,2816.85
Overpayments,2024-01-26,0.0
Taxes expected,2024-01-26,257.21
Taxes collected,2024-01-26,257.21
Tips,2024-01-26,51.21
Amount collected,2024-01-26,3125.27
Unpaid balance,2024-01-26,0.0
Gross sales,2024-01-27,2953.61
Refunds,2024-01-27,0.0
Net sales,2024-01-27,2953.61
Overpayments,2024-01-27,0.0
Taxes expected,2024-01-27,273.79
Taxes collected,2024-01-27,273.79
Tips,2024-01-27,45.37
Amount collected,2024-01-27,3272.77
Unpaid balance,2024-01-27,0.0
Gross sales,2024-01-28,2833.35
Refunds,2024-01-28,0.0
Net sales,2024-01-28,2833.35
Overpayments,2024-01-28,0.0
Taxes expected,2024-01-28,258.51
Taxes collected,2024-01-28,258.51
Tips,2024-01-28,60.97
Amount collected,2024-01-28,3152.83
Unpaid balance,2024-01-28,0.0
Gross sales,2024-01-29,1712.48
Refunds,2024-01-29,0.0
Net sales,2024-01-29,1712.48
Overpayments,2024-01-29,0.0
Taxes expected,2024-01-29,156.17
Taxes collected,2024-01-29,156.17
Tips,2024-01-29,35.09
Amount collected,2024-01-29,1903.74
Unpaid balance,2024-01-29,0.0
Gross sales,2024-01-30,1668.5
Refunds,2024-01-30,0.0
Net sales,2024-01-30,1668.5
Overpayments,2024-01-30,0.0
Taxes expected,2024-01-30,152.44
Taxes collected,2024-01-30,152.44
Tips,2024-01-30,29.87
Amount collected,2024-01-30,1850.81
Unpaid balance,2024-01-30,0.0
Gross sales,2024-01-31,2274.4
Refunds,2024-01-31,0.0
Net sales,2024-01-31,2274.4
Overpayments,2024-01-31,0.0
Taxes expected,2024-01-31,210.79
Taxes collected,2024-01-31,210.79
Tips,2024-01-31,56.82
Amount collected,2024-01-31,2542.01
Unpaid balance,2024-01-31,0.0
Gross sales,2024-02-01,2073.39
Refunds,2024-02-01,0.0
Net sales,2024-02-01,2073.39
Overpayments,2024-02-01,0.0
Taxes expected,2024-02-01,189.61
Taxes collected,2024-02-01,189.61
Tips,2024-02-01,52.14
Amount collected,2024-02-01,2315.14
Unpaid balance,2024-02-01,0.0
Gross sales,2024-02-02,2574.09
Refunds,2024-02-02,0.0
Net sales,2024-02-02,2574.09
Overpayments,2024-02-02,0.0
Taxes expected,2024-02-02,234.14
Taxes collected,2024-02-02,234.14
Tips,2024-02-02,51.76
Amount collected,2024-02-02,2859.99
Unpaid balance,2024-02-02,0.0
Gross sales,2024-02-03,3020.37
Refunds,2024-02-03,0.0
Net sales,2024-02-03,3020.37
Overpayments,2024-02-03,0.0
Taxes expected,2024-02-03,279.72
Taxes collected,2024-02-03,279.23
Tips,2024-02-03,34.68
Amount collected,2024-02-03,3334.28
Unpaid balance,2024-02-03,0.0
Gross sales,2024-02-04,2550.34
Refunds,2024-02-04,0.0
Net sales,2024-02-04,2550.34
Overpayments,2024-02-04,0.0
Taxes expected,2024-02-04,233.61
Taxes collected,2024-02-04,233.61
Tips,2024-02-04,35.7
Amount collected,2024-02-04,2819.65
Unpaid balance,2024-02-04,0.0
Gross sales,2024-02-05,1582.13
Refunds,2024-02-05,0.0
Net sales,2024-02-05,1582.13
Overpayments,2024-02-05,0.0
Taxes expected,2024-02-05,144.13
Taxes collected,2024-02-05,144.13
Tips,2024-02-05,24.35
Amount collected,2024-02-05,1750.61
Unpaid balance,2024-02-05,0.0
Gross sales,2024-02-06,1996.71
Refunds,2024-02-06,0.0
Net sales,2024-02-06,1996.71
Overpayments,2024-02-06,0.0
Taxes expected,2024-02-06,181.65
Taxes collected,2024-02-06,181.65
Tips,2024-02-06,36.74
Amount collected,2024-02-06,2215.1
Unpaid balance,2024-02-06,0.0
Gross sales,2024-02-07,2147.51
Refunds,2024-02-07,0.0
Net sales,2024-02-07,2147.51
Overpayments,2024-02-07,0.0
Taxes expected,2024-02-07,197.88
Taxes collected,2024-02-07,197.88
Tips,2024-02-07,24.32
Amount collected,2024-02-07,2369.71
Unpaid balance,2024-02-07,0.0
Gross sales,2024-02-08,2510.28
Refunds,2024-02-08,0.0
Net sales,2024-02-08,2510.28
Overpayments,2024-02-08,0.0
Taxes expected,2024-02-08,231.06
Taxes collected,2024-02-08,231.06
Tips,2024-02-08,54.51
Amount collected,2024-02-08,2795.85
Unpaid balance,2024-02-08,0.0
Gross sales,2024-02-09,2505.06
Refunds,2024-02-09,0.0
Net sales,2024-02-09,2505.06
Overpayments,2024-02-09,0.0
Taxes expected,2024-02-09,232.23
Taxes collected,2024-02-09,232.23
Tips,2024-02-09,65.42
Amount collected,2024-02-09,2802.71
Unpaid balance,2024-02-09,0.0
Gross sales,2024-02-10,3076.93
Refunds,2024-02-10,0.0
Net sales,2024-02-10,3076.93
Overpayments,2024-02-10,0.0
Taxes expected,2024-02-10,280.85
Taxes collected,2024-02-10,280.85
Tips,2024-02-10,30.25
Amount collected,2024-02-10,3388.03
Unpaid balance,2024-02-10,0.0
Gross sales,2024-02-11,2653.2
Refunds,2024-02-11,0.0
Net sales,2024-02-11,2653.2
Overpayments,2024-02-11,0.0
Taxes expected,2024-02-11,243.77
Taxes collected,2024-02-11,243.77
Tips,2024-02-11,31.58
Amount collected,2024-02-11,2928.55
Unpaid balance,2024-02-11,0.0
Gross sales,2024-02-12,1982.64
Refunds,2024-02-12,0.0
Net sales,2024-02-12,1982.64
Overpayments,2024-02-12,0.0
Taxes expected,2024-02-12,181.97
Taxes collected,2024-02-12,181.97
Tips,2024-02-12,20.64
Amount collected,2024-02-12,2185.25
Unpaid balance,2024-02-12,0.0
Gross sales,2024-02-13,1901.82
Refunds,2024-02-13,0.0
Net sales,2024-02-13,1901.82
Overpayments,2024-02-13,0.0
Taxes expected,2024-02-13,171.88
Taxes collected,2024-02-13,171.88
Tips,2024-02-13,35.02
Amount collected,2024-02-13,2108.72
Unpaid balance,2024-02-13,0.0
Gross sales,2024-02-14,2122.19
Refunds,2024-02-14,0.0
Net sales,2024-02-14,2122.19
Overpayments,2024-02-14,0.0
Taxes expected,2024-02-14,195.91
Taxes collected,2024-02-14,195.91
Tips,2024-02-14,26.29
Amount collected,2024-02-14,2344.39
Unpaid balance,2024-02-14,0.0
Gross sales,2024-02-15,2199.08
Refunds,2024-02-15,0.0
Net sales,2024-02-15,2199.08
Overpayments,2024-02-15,0.0
Taxes expected,2024-02-15,203.61
Taxes collected,2024-02-15,203.61
Tips,2024-02-15,41.03
Amount collected,2024-02-15,2443.72
Unpaid balance,2024-02-15,0.0
Gross sales,2024-02-16,2905.58
Refunds,2024-02-16,0.0
Net sales,2024-02-16,2905.58
Overpayments,2024-02-16,0.0
Taxes expected,2024-02-16,264.95
Taxes collected,2024-02-16,264.95
Tips,2024-02-16,29.83
Amount collected,2024-02-16,3200.36
Unpaid balance,2024-02-16,0.0
Gross sales,2024-02-17,3057.22
Refunds,2024-02-17,0.0
Net sales,2024-02-17,3057.22
Overpayments,2024-02-17,0.0
Taxes expected,2024-02-17,279.17
Taxes collected,2024-02-17,279.17
Tips,2024-02-17,49.82
Amount collected,2024-02-17,3386.21
Unpaid balance,2024-02-17,0.0
Gross sales,2024-02-18,2656.64
Refunds,2024-02-18,0.0
Net sales,2024-02-18,2656.64
Overpayments,2024-02-18,0.0
Taxes expected,2024-02-18,247.26
Taxes collected,2024-02-18,247.26
Tips,2024-02-18,60.79
Amount collected,2024-02-18,2964.69
Unpaid balance,2024-02-18,0.0
Gross sales,2024-02-19,1695.8
Refunds,2024-02-19,0.0
Net sales,2024-02-19,1695.8
Overpayments,2024-02-19,0.0
Taxes expected,2024-02-19,154.86
Taxes collected,2024-02-19,154.86
Tips,2024-02-19,36.15
Amount collected,2024-02-19,1886.81
Unpaid balance,2024-02-19,0.0
Gross sales,2024-02-20,2038.21
Refunds,2024-02-20,0.0
Net sales,2024-02-20,2038.21
Overpayments,2024-02-20,0.0
Taxes expected,2024-02-20,189.17
Taxes collected,2024-02-20,188.11
Tips,2024-02-20,49.74
Amount collected,2024-02-20,2276.06
Unpaid balance,2024-02-20,0.0
Gross sales,2024-02-21,1970.11
Refunds,2024-02-21,0.0
Net sales,2024-02-21,1970.11
Overpayments,2024-02-21,0.0
Taxes expected,2024-02-21,178.96
Taxes collected,2024-02-21,178.96
Tips,2024-02-21,32.83
Amount collected,2024-02-21,2181.9
Unpaid balance,2024-02-21,0.0
Gross sales,2024-02-22,2431.88
Refunds,2024-02-22,0.0
Net sales,2024-02-22,2431.88
Overpayments,2024-02-22,0.0
Taxes expected,2024-02-22,221.08
Taxes collected,2024-02-22,221.08
Tips,2024-02-22,45.84
Amount collected,2024-02-22,2698.8
Unpaid balance,2024-02-22,0.0
Gross sales,2024-02-23,3146.8
Refunds,2024-02-23,0.0
Net sales,2024-02-23,3146.8
Overpayments,2024-02-23,0.0
Taxes expected,2024-02-23,287.1
Taxes collected,2024-02-23,287.1
Tips,2024-02-23,53.03
Amount collected,2024-02-23,3486.93
Unpaid balance,2024-02-23,0.0
Gross sales,2024-02-24,3072.37
Refunds,2024-02-24,0.0
Net sales,2024-02-24,3072.37
Overpayments,2024-02-24,0.0
Taxes expected,2024-02-24,284.13
Taxes collected,2024-02-24,284.13
Tips,2024-02-24,63.73
Amount collected,2024-02-24,3420.23
Unpaid balance,2024-02-24,0.0
Gross sales,2024-02-25,3028.65
Refunds,2024-02-25,0.0
Net sales,2024-02-25,3028.65
Overpayments,2024-02-25,0.0
Taxes expected,2024-02-25,280.59
Taxes collected,2024-02-25,280.59
Tips,2024-02-25,58.49
Amount collected,2024-02-25,3367.73
Unpaid balance,2024-02-25,0.0
Gross sales,2024-02-26,1622.36
Refunds,2024-02-26,0.0
Net sales,2024-02-26,1622.36
Overpayments,2024-02-26,0.0
Taxes expected,2024-02-26,149.25
Taxes collected,2024-02-26,149.25
Tips,2024-02-26,19.98
Amount collected,2024-02-26,1791.59
Unpaid balance,2024-02-26,0.0
Gross sales,2024-02-27,1747.0
Refunds,2024-02-27,0.0
Net sales,2024-02-27,1747.0
Overpayments,2024-02-27,0.0
Taxes expected,2024-02-27,161.52
Taxes collected,2024-02-27,161.52
Tips,2024-02-27,30.71
Amount collected,2024-02-27,1939.23
Unpaid balance,2024-02-27,0.0
Gross sales,2024-02-28,2397.6
Refunds,2024-02-28,0.0
Net sales,2024-02-28,2397.6
Overpayments,2024-02-28,0.0
Taxes expected,2024-02-28,220.94
Taxes collected,2024-02-28,220.94
Tips,2024-02-28,47.82
Amount collected,2024-02-28,2666.36
Unpaid balance,2024-02-28,0.0
Gross sales,2024-02-29,2241.37
Refunds,2024-02-29,0.0
Net sales,2024-02-29,2241.37
Overpayments,2024-02-29,0.0
Taxes expected,2024-02-29,206.08
Taxes collected,2024-02-29,206.08
Tips,2024-02-29,44.3
Amount collected,2024-02-29,2491.75
Unpaid balance,2024-02-29,0.0
Gross sales,2024-03-01,3185.06
Refunds,2024-03-01,0.0
Net sales,2024-03-01,3185.06
Overpayments,2024-03-01,0.0
Taxes expected,2024-03-01,293.24
Taxes collected,2024-03-01,293.24
Tips,2024-03-01,38.96
Amount collected,2024-03-01,3517.26
Unpaid balance,2024-03-01,0.0
Gross sales,2024-03-02,3008.57
Refunds,2024-03-02,0.0
Net sales,2024-03-02,3008.57
Overpayments,2024-03-02,0.0
Taxes expected,2024-03-02,275.74
Taxes collected,2024-03-02,275.35
Tips,2024-03-02,56.96
Amount collected,2024-03-02,3340.88
Unpaid balance,2024-03-02,0.0
Gross sales,2024-03-03,2609.05
Refunds,2024-03-03,0.0
Net sales,2024-03-03,2609.05
Overpayments,2024-03-03,0.0
Taxes expected,2024-03-03,236.54
Taxes collected,2024-03-03,236.54
Tips,2024-03-03,54.48
Amount collected,2024-03-03,2900.07
Unpaid balance,2024-03-03,0.0
Gross sales,2024-03-04,1720.99
Refunds,2024-03-04,0.0
Net sales,2024-03-04,1720.99
Overpayments,2024-03-04,0.0
Taxes expected,2024-03-04,159.53
Taxes collected,2024-03-04,158.68
Tips,2024-03-04,20.3
Amount collected,2024-03-04,1899.97
Unpaid balance,2024-03-04,0.0
Gross sales,2024-03-05,0.0
Refunds,2024-03-05,0.0
Net sales,2024-03-05,0.0
Overpayments,2024-03-05,0.0
Taxes expected,2024-03-05,0.0
Taxes collected,2024-03-05,0.0
Tips,2024-03-05,0.0
Amount collected,2024-03-05,0.0
Unpaid balance,2024-03-05,0.0
Gross sales,2024-03-06,2212.39
Refunds,2024-03-06,0.0
Net sales,2024-03-06,2212.39
Overpayments,2024-03-06,0.0
Taxes expected,2024-03-06,203.55
Taxes collected,2024-03-06,203.55
Tips,2024-03-06,21.56
Amount collected,2024-03-06,2437.5
Unpaid balance,2024-03-06,0.0
Gross sales,2024-03-07,2107.33
Refunds,2024-03-07,0.0
Net sales,2024-03-07,2107.33
Overpayments,2024-03-07,0.0
Taxes expected,2024-03-07,196.03
Taxes collected,2024-03-07,196.03
Tips,2024-03-07,55.11
Amount collected,2024-03-07,2358.47
Unpaid balance,2024-03-07,0.0
Gross sales,2024-03-08,2559.25
Refunds,2024-03-08,0.0
Net sales,2024-03-08,2559.25
Overpayments,2024-03-08,0.0
Taxes expected,2024-03-08,232.73
Taxes collected,2024-03-08,232.73
Tips,2024-03-08,46.26
Amount collected,2024-03-08,2838.24
Unpaid balance,2024-03-08,0.0
Gross sales,2024-03-09,3078.63
Refunds,2024-03-09,0.0
Net sales,2024-03-09,3078.63
Overpayments,2024-03-09,0.0
Taxes expected,2024-03-09,283.11
Taxes collected,2024-03-09,283.11
Tips,2024-03-09,45.23
Amount collected,2024-03-09,3406.97
Unpaid balance,2024-03-09,0.0
Gross sales,2024-03-10,2803.93
Refunds,2024-03-10,0.0
Net sales,2024-03-10,2803.93
Overpayments,2024-03-10,0.0
Taxes expected,2024-03-10,261.02
Taxes collected,2024-03-10,261.02
Tips,2024-03-10,54.31
Amount collected,2024-03-10,3119.26
Unpaid balance,2024-03-10,0.0
Gross sales,2024-03-11,1976.47
Refunds,2024-03-11,0.0
Net sales,2024-03-11,1976.47
Overpayments,2024-03-11,0.0
Taxes expected,2024-03-11,178.9
Taxes collected,2024-03-11,178.9
Tips,2024-03-11,37.39
Amount collected,2024-03-11,2192.76
Unpaid balance,2024-03-11,0.0
Gross sales,2024-03-12,1872.55
Refunds,2024-03-12,0.0
Net sales,2024-03-12,1872.55
Overpayments,2024-03-12,0.0
Taxes expected,2024-03-12,174.14
Taxes collected,2024-03-12,174.14
Tips,2024-03-12,19.08
Amount collected,2024-03-12,2065.77
Unpaid balance,2024-03-12,0.0
Gross sales,2024-03-13,2461.97
Refunds,2024-03-13,0.0
Net sales,2024-03-13,2461.97
Overpayments,2024-03-13,0.0
Taxes expected,2024-03-13,227.32
Taxes collected,2024-03-13,227.32
Tips,2024-03-13,23.78
Amount collected,2024-03-13,2713.07
Unpaid balance,2024-03-13,0.0
Gross sales,2024-03-14,2273.77
Refunds,2024-03-14,0.0
Net sales,2024-03-14,2273.77
Overpayments,2024-03-14,0.0
Taxes expected,2024-03-14,208.46
Taxes collected,2024-03-14,208.46
Tips,2024-03-14,27.73
Amount collected,2024-03-14,2509.96
Unpaid balance,2024-03-14,0.0
Gross sales,2024-03-15,2705.04
Refunds,2024-03-15,0.0
Net sales,2024-03-15,2705.04
Overpayments,2024-03-15,0.0
Taxes expected,2024-03-15,250.45
Taxes collected,2024-03-15,250.45
Tips,2024-03-15,53.05
Amount collected,2024-03-15,3008.54
Unpaid balance,2024-03-15,0.0
Gross sales,2024-03-16,3596.11
Refunds,2024-03-16,0.0
Net sales,2024-03-16,3596.11
Overpayments,2024-03-16,0.0
Taxes expected,2024-03-16,327.59
Taxes collected,2024-03-16,327.59
Tips,2024-03-16,76.23
Amount collected,2024-03-16,3999.93
Unpaid balance,2024-03-16,0.0
Gross sales,2024-03-17,2529.15
Refunds,2024-03-17,0.0
Net sales,2024-03-17,2529.15
Overpayments,2024-03-17,0.0
Taxes expected,2024-03-17,229.91
Taxes collected,2024-03-17,229.91
Tips,2024-03-17,31.17
Amount collected,2024-03-17,2790.23
Unpaid balance,2024-03-17,0.0
Gross sales,2024-03-18,1989.03
Refunds,2024-03-18,0.0
Net sales,2024-03-18,1989.03
Overpayments,2024-03-18,0.0
Taxes expected,2024-03-18,182.25
Taxes collected,2024-03-18,182.25
Tips,2024-03-18,49.08
Amount collected,2024-03-18,2220.36
Unpaid balance,2024-03-18,0.0
Gross sales,2024-03-19,1849.57
Refunds,2024-03-19,0.0
Net sales,2024-03-19,1849.57
Overpayments,2024-03-19,0.0
Taxes expected,2024-03-19,171.39
Taxes collected,2024-03-19,171.39
Tips,2024-03-19,40.37
Amount collected,2024-03-19,2061.33
Unpaid balance,2024-03-19,0.0
Gross sales,2024-03-20,2143.21
Refunds,2024-03-20,0.0
Net sales,2024-03-20,2143.21
Overpayments,2024-03-20,0.0
Taxes expected,2024-03-20,199.14
Taxes collected,2024-03-20,199.14
Tips,2024-03-20,37.33
Amount collected,2024-03-20,2379.68
Unpaid balance,2024-03-20,0.0
Gross sales,2024-03-21,2411.92
Refunds,2024-03-21,0.0
Net sales,2024-03-21,2411.92
Overpayments,2024-03-21,0.0
Taxes expected,2024-03-21,219.5
Taxes collected,2024-03-21,219.5
Tips,2024-03-21,56.47
Amount collected,2024-03-21,2687.89
Unpaid balance,2024-03-21,0.0
Gross sales,2024-03-22,3318.07
Refunds,2024-03-22,0.0
Net sales,2024-03-22,3318.07
Overpayments,2024-03-22,0.0
Taxes expected,2024-03-22,300.26
Taxes collected,2024-03-22,300.26
Tips,2024-03-22,83.04
Amount collected,2024-03-22,3701.37
Unpaid balance,2024-03-22,0.0
Gross sales,2024-03-23,3341.02
Refunds,2024-03-23,0.0
Net sales,2024-03-23,3341.02
Overpayments,2024-03-23,0.0
Taxes expected,2024-03-23,301.95
Taxes collected,2024-03-23,301.95
Tips,2024-03-23,85.87
Amount collected,2024-03-23,3720.81
Unpaid balance,2024-03-23,8.03
Gross sales,2024-03-24,2817.39
Refunds,2024-03-24,0.0
Net sales,2024-03-24,2817.39
Overpayments,2024-03-24,0.0
Taxes expected,2024-03-24,261.52
Taxes collected,2024-03-24,261.52
Tips,2024-03-24,66.57
Amount collected,2024-03-24,3145.48
Unpaid balance,2024-03-24,0.0
Gross sales,2024-03-25,1817.66
Refunds,2024-03-25,0.0
Net sales,2024-03-25,1817.66
Overpayments,2024-03-25,0.0
Taxes expected,2024-03-25,166.56
Taxes collected,2024-03-25,166.56
Tips,2024-03-25,24.44
Amount collected,2024-03-25,2008.66
Unpaid balance,2024-03-25,0.0
Gross sales,2024-03-26,1710.32
Refunds,2024-03-26,0.0
Net sales,2024-03-26,1710.32
Overpayments,2024-03-26,0.0
Taxes expected,2024-03-26,157.41
Taxes collected,2024-03-26,157.41
Tips,2024-03-26,38.58
Amount collected,2024-03-26,1893.02
Unpaid balance,2024-03-26,13.29
Gross sales,2024-03-27,2025.69
Refunds,2024-03-27,0.0
Net sales,2024-03-27,2025.69
Overpayments,2024-03-27,0.0
Taxes expected,2024-03-27,187.45
Taxes collected,2024-03-27,187.45
Tips,2024-03-27,48.39
Amount collected,2024-03-27,2261.53
Unpaid balance,2024-03-27,0.0
Gross sales,2024-03-28,2549.93
Refunds,2024-03-28,0.0
Net sales,2024-03-28,2549.93
Overpayments,2024-03-28,0.0
Taxes expected,2024-03-28,237.14
Taxes collected,2024-03-28,237.14
Tips,2024-03-28,56.45
Amount collected,2024-03-28,2843.52
Unpaid balance,2024-03-28,0.0
Gross sales,2024-03-29,2835.96
Refunds,2024-03-29,0.0
Net sales,2024-03-29,2835.96
Overpayments,2024-03-29,0.0
Taxes expected,2024-03-29,256.43
Taxes collected,2024-03-29,256.43
Tips,2024-03-29,53.43
Amount collected,2024-03-29,3145.82
Unpaid balance,2024-03-29,0.0
Gross sales,2024-03-30,3101.39
Refunds,2024-03-30,0.0
Net sales,2024-03-30,3101.39
Overpayments,2024-03-30,0.0
Taxes expected,2024-03-30,282.18
Taxes collected,2024-03-30,282.18
Tips,2024-03-30,36.64
Amount collected,2024-03-30,3420.21
Unpaid balance,2024-03-30,0.0
Gross sales,2024-03-31,2601.63
Refunds,2024-03-31,0.0
Net sales,2024-03-31,2601.63
Overpayments,2024-03-31,0.0
Taxes expected,2024-03-31,237.15
Taxes collected,2024-03-31,237.15
Tips,2024-03-31,37.34
Amount collected,2024-03-31,2876.12
Unpaid balance,2024-03-31,0.0
Gross sales,2024-04-01,2020.42
Refunds,2024-04-01,0.0
Net sales,2024-04-01,2020.42
Overpayments,2024-04-01,0.0
Taxes expected,2024-04-01,187.18
Taxes collected,2024-04-01,187.18
Tips,2024-04-01,41.15
Amount collected,2024-04-01,2248.75
Unpaid balance,2024-04-01,0.0
Gross sales,2024-04-02,2045.14
Refunds,2024-04-02,0.0
Net sales,2024-04-02,2045.14
Overpayments,2024-04-02,0.0
Taxes expected,2024-04-02,189.53
Taxes collected,2024-04-02,189.53
Tips,2024-04-02,37.01
Amount collected,2024-04-02,2271.68
Unpaid balance,2024-04-02,0.0
Gross sales,2024-04-03,2012.93
Refunds,2024-04-03,0.0
Net sales,2024-04-03,2012.93
Overpayments,2024-04-03,0.0
Taxes expected,2024-04-03,184.75
Taxes collected,2024-04-03,184.75
Tips,2024-04-03,30.22
Amount collected,2024-04-03,2227.9
Unpaid balance,2024-04-03,0.0
Gross sales,2024-04-04,2552.14
Refunds,2024-04-04,0.0
Net sales,2024-04-04,2552.14
Overpayments,2024-04-04,0.0
Taxes expected,2024-04-04,236.56
Taxes collected,2024-04-04,236.56
Tips,2024-04-04,53.09
Amount collected,2024-04-04,2841.79
Unpaid balance,2024-04-04,0.0
Gross sales,2024-04-05,2813.07
Refunds,2024-04-05,0.0
Net sales,2024-04-05,2813.07
Overpayments,2024-04-05,0.0
Taxes expected,2024-04-05,257.23
Taxes collected,2024-04-05,257.23
Tips,2024-04-05,43.71
Amount collected,2024-04-05,3114.01
Unpaid balance,2024-04-05,0.0
Gross sales,2024-04-06,2911.81
Refunds,2024-04-06,0.0
Net sales,2024-04-06,2911.81
Overpayments,2024-04-06,0.0
Taxes expected,2024-04-06,264.39
Taxes collected,2024-04-06,264.39
Tips,2024-04-06,34.49
Amount collected,2024-04-06,3210.69
Unpaid balance,2024-04-06,0.0
Gross sales,2024-04-07,2558.43
Refunds,2024-04-07,0.0
Net sales,2024-04-07,2558.43
Overpayments,2024-04-07,0.0
Taxes expected,2024-04-07,234.41
Taxes collected,2024-04-07,234.41
Tips,2024-04-07,37.94
Amount collected,2024-04-07,2830.78
Unpaid balance,2024-04-07,0.0
Gross sales,2024-04-08,2012.06
Refunds,2024-04-08,0.0
Net sales,2024-04-08,2012.06
Overpayments,2024-04-08,0.0
Taxes expected,2024-04-08,182.21
Taxes collected,2024-04-08,182.21
Tips,2024-04-08,37.94
Amount collected,2024-04-08,2232.21
Unpaid balance,2024-04-08,0.0
Gross sales,2024-04-09,2097.05
Refunds,2024-04-09,0.0
Net sales,2024-04-09,2097.05
Overpayments,2024-04-09,0.0
Taxes expected,2024-04-09,189.8
Taxes collected,2024-04-09,189.8
Tips,2024-04-09,40.26
Amount collected,2024-04-09,2327.11
Unpaid balance,2024-04-09,0.0
Gross sales,2024-04-10,2161.56
Refunds,2024-04-10,0.0
Net sales,2024-04-10,2161.56
Overpayments,2024-04-10,0.0
Taxes expected,2024-04-10,198.42
Taxes collected,2024-04-10,198.42
Tips,2024-04-10,52.2
Amount collected,2024-04-10,2412.18
Unpaid balance,2024-04-10,0.0
Gross sales,2024-04-11,2119.31
Refunds,2024-04-11,0.0
Net sales,2024-04-11,2119.31
Overpayments,2024-04-11,0.0
Taxes expected,2024-04-11,194.49
Taxes collected,2024-04-11,194.49
Tips,2024-04-11,43.04
Amount collected,2024-04-11,2356.84
Unpaid balance,2024-04-11,0.0
Gross sales,2024-04-12,3195.69
Refunds,2024-04-12,0.0
Net sales,2024-04-12,3195.69
Overpayments,2024-04-12,0.0
Taxes expected,2024-04-12,296.4
Taxes collected,2024-04-12,296.4
Tips,2024-04-12,44.87
Amount collected,2024-04-12,3536.96
Unpaid balance,2024-04-12,0.0
Gross sales,2024-04-13,3033.73
Refunds,2024-04-13,0.0
Net sales,2024-04-13,3033.73
Overpayments,2024-04-13,0.0
Taxes expected,2024-04-13,278.06
Taxes collected,2024-04-13,278.06
Tips,2024-04-13,29.5
Amount collected,2024-04-13,3341.29
Unpaid balance,2024-04-13,0.0
Gross sales,2024-04-14,2577.04
Refunds,2024-04-14,0.0
Net sales,2024-04-14,2577.04
Overpayments,2024-04-14,0.0
Taxes expected,2024-04-14,237.71
Taxes collected,2024-04-14,237.71
Tips,2024-04-14,62.66
Amount collected,2024-04-14,2877.41
Unpaid balance,2024-04-14,0.0
Gross sales,2024-04-15,1666.07
Refunds,2024-04-15,0.0
Net sales,2024-04-15,1666.07
Overpayments,2024-04-15,0.0
Taxes expected,2024-04-15,152.93
Taxes collected,2024-04-15,152.93
Tips,2024-04-15,18.29
Amount collected,2024-04-15,1837.29
Unpaid balance,2024-04-15,0.0
Gross sales,2024-04-16,1724.88
Refunds,2024-04-16,0.0
Net sales,2024-04-16,1724.88
Overpayments,2024-04-16,0.0
Taxes expected,2024-04-16,155.94
Taxes collected,2024-04-16,155.94
Tips,2024-04-16,20.75
Amount collected,2024-04-16,1901.57
Unpaid balance,2024-04-16,0.0
Gross sales,2024-04-17,2039.22
Refunds,2024-04-17,0.0
Net sales,2024-04-17,2039.22
Overpayments,2024-04-17,0.0
Taxes expected,2024-04-17,186.85
Taxes collected,2024-04-17,186.85
Tips,2024-04-17,32.77
Amount collected,2024-04-17,2258.84
Unpaid balance,2024-04-17,0.0
Gross sales,2024-04-18,2596.62
Refunds,2024-04-18,0.0
Net sales,2024-04-18,2596.62
Overpayments,2024-04-18,0.0
Taxes expected,2024-04-18,237.07
Taxes collected,2024-04-18,237.07
Tips,2024-04-18,52.75
Amount collected,2024-04-18,2886.44
Unpaid balance,2024-04-18,0.0
Gross sales,2024-04-19,2809.6
Refunds,2024-04-19,0.0
Net sales,2024-04-19,2809.6
Overpayments,2024-04-19,0.0
Taxes expected,2024-04-19,254.83
Taxes collected,2024-04-19,253.61
Tips,2024-04-19,45.45
Amount collected,2024-04-19,3108.66
Unpaid balance,2024-04-19,0.0
Gross sales,2024-04-20,3005.31
Refunds,2024-04-20,0.0
Net sales,2024-04-20,3005.31
Overpayments,2024-04-20,0.0
Taxes expected,2024-04-20,277.23
Taxes collected,2024-04-20,277.23
Tips,2024-04-20,66.97
Amount collected,2024-04-20,3349.51
Unpaid balance,2024-04-20,0.0
Gross sales,2024-04-21,2904.13
Refunds,2024-04-21,0.0
Net sales,2024-04-21,2904.13
Overpayments,2024-04-21,0.0
Taxes expected,2024-04-21,269.75
Taxes collected,2024-04-21,269.75
Tips,2024-04-21,34.29
Amount collected,2024-04-21,3208.17
Unpaid balance,2024-04-21,0.0
Gross sales,2024-04-22,1976.71
Refunds,2024-04-22,0.0
Net sales,2024-04-22,1976.71
Overpayments,2024-04-22,0.0
Taxes expected,2024-04-22,178.9
Taxes collected,2024-04-22,178.9
Tips,2024-04-22,19.86
Amount collected,2024-04-22,2175.47
Unpaid balance,2024-04-22,0.0
Gross sales,2024-04-23,2092.99
Refunds,2024-04-23,0.0
Net sales,2024-04-23,2092.99
Overpayments,2024-04-23,1.6
Taxes expected,2024-04-23,194.49
Taxes collected,2024-04-23,194.49
Tips,2024-04-23,52.86
Amount collected,2024-04-23,2341.94
Unpaid balance,2024-04-23,0.0
Gross sales,2024-04-24,2411.87
Refunds,2024-04-24,0.0
Net sales,2024-04-24,2411.87
Overpayments,2024-04-24,0.0
Taxes expected,2024-04-24,219.14
Taxes collected,2024-04-24,219.14
Tips,2024-04-24,55.71
Amount collected,2024-04-24,2686.72
Unpaid balance,2024-04-24,0.0
Gross sales,2024-04-25,2105.75
Refunds,2024-04-25,0.0
Net sales,2024-04-25,2105.75
Overpayments,2024-04-25,0.0
Taxes expected,2024-04-25,191.49
Taxes collected,2024-04-25,191.49
Tips,2024-04-25,48.0
Amount collected,2024-04-25,2345.24
Unpaid balance,2024-04-25,0.0
Gross sales,2024-04-26,2705.0
Refunds,2024-04-26,0.0
Net sales,2024-04-26,2705.0
Overpayments,2024-04-26,0.0
Taxes expected,2024-04-26,250.87
Taxes collected,2024-04-26,250.87
Tips,2024-04-26,58.67
Amount collected,2024-04-26,3014.54
Unpaid balance,2024-04-26,0.0
Gross sales,2024-04-27,3366.3
Refunds,2024-04-27,0.0
Net sales,2024-04-27,3366.3
Overpayments,2024-04-27,0.0
Taxes expected,2024-04-27,306.59
Taxes collected,2024-04-27,306.59
Tips,2024-04-27,35.52
Amount collected,2024-04-27,3708.41
Unpaid balance,2024-04-27,0.0
Gross sales,2024-04-28,2718.76
Refunds,2024-04-28,0.0
Net sales,2024-04-28,2718.76
Overpayments,2024-04-28,0.0
Taxes expected,2024-04-28,246.89
Taxes collected,2024-04-28,246.89
Tips,2024-04-28,49.4
Amount collected,2024-04-28,3015.05
Unpaid balance,2024-04-28,0.0
Gross sales,2024-04-29,1799.12
Refunds,2024-04-29,0.0
Net sales,2024-04-29,1799.12
Overpayments,2024-04-29,0.0
Taxes expected,2024-04-29,165.87
Taxes collected,2024-04-29,164.48
Tips,2024-04-29,32.73
Amount collected,2024-04-29,1996.33
Unpaid balance,2024-04-29,0.0
Gross sales,2024-04-30,1815.08
Refunds,2024-04-30,0.0
Net sales,2024-04-30,1815.08
Overpayments,2024-04-30,0.0
Taxes expected,2024-04-30,164.85
Taxes collected,2024-04-30,164.85
Tips,2024-04-30,24.57
Amount collected,2024-04-30,2004.5
Unpaid balance,2024-04-30,0.0
Gross sales,2024-05-01,2011.02
Refunds,2024-05-01,0.0
Net sales,2024-05-01,2011.02
Overpayments,2024-05-01,0.0
Taxes expected,2024-05-01,185.65
Taxes collected,2024-05-01,185.65
Tips,2024-05-01,38.18
Amount collected,2024-05-01,2234.85
Unpaid balance,2024-05-01,0.0
Gross sales,2024-05-02,2108.48
Refunds,2024-05-02,0.0
Net sales,2024-05-02,2108.48
Overpayments,2024-05-02,0.0
Taxes expected,2024-05-02,196.04
Taxes collected,2024-05-02,196.04
Tips,2024-05-02,44.81
Amount collected,2024-05-02,2349.33
Unpaid balance,2024-05-02,0.0
Gross sales,2024-05-03,2850.57
Refunds,2024-05-03,0.0
Net sales,2024-05-03,2850.57
Overpayments,2024-05-03,0.0
Taxes expected,2024-05-03,264.18
Taxes collected,2024-05-03,264.18
Tips,2024-05-03,73.21
Amount collected,2024-05-03,3187.96
Unpaid balance,2024-05-03,0.0
Gross sales,2024-05-04,3143.68
Refunds,2024-05-04,0.0
Net sales,2024-05-04,3143.68
Overpayments,2024-05-04,0.0
Taxes expected,2024-05-04,288.67
Taxes collected,2024-05-04,288.67
Tips,2024-05-04,67.85
Amount collected,2024-05-04,3500.2
Unpaid balance,2024-05-04,0.0
Gross sales,2024-05-05,3237.32
Refunds,2024-05-05,0.0
Net sales,2024-05-05,3237.32
Overpayments,2024-05-05,0.0
Taxes expected,2024-05-05,296.93
Taxes collected,2024-05-05,296.93
Tips,2024-05-05,85.17
Amount collected,2024-05-05,3619.42
Unpaid balance,2024-05-05,0.0
Gross sales,2024-05-06,1672.93
Refunds,2024-05-06,0.0
Net sales,2024-05-06,1672.93
Overpayments,2024-05-06,0.0
Taxes expected,2024-05-06,152.38
Taxes collected,2024-05-06,152.38
Tips,2024-05-06,29.52
Amount collected,2024-05-06,1854.83
Unpaid balance,2024-05-06,0.0
Gross sales,2024-05-07,1725.49
Refunds,2024-05-07,0.0
Net sales,2024-05-07,1725.49
Overpayments,2024-05-07,0.0
Taxes expected,2024-05-07,157.13
Taxes collected,2024-05-07,157.13
Tips,2024-05-07,26.96
Amount collected,2024-05-07,1909.58
Unpaid balance,2024-05-07,0.0
Gross sales,2024-05-08,2256.81
Refunds,2024-05-08,0.0
Net sales,2024-05-08,2256.81
Overpayments,2024-05-08,0.0
Taxes expected,2024-05-08,208.02
Taxes collected,2024-05-08,208.02
Tips,2024-05-08,30.19
Amount collected,2024-05-08,2495.02
Unpaid balance,2024-05-08,0.0
Gross sales,2024-05-09,2530.89
Refunds,2024-05-09,0.0
Net sales,2024-05-09,2530.89
Overpayments,2024-05-09,0.0
Taxes expected,2024-05-09,235.58
Taxes collected,2024-05-09,235.58
Tips,2024-05-09,24.56
Amount collected,2024-05-09,2791.03
Unpaid balance,2024-05-09,0.0
Gross sales,2024-05-10,3085.29
Refunds,2024-05-10,0.0
Net sales,2024-05-10,3085.29
Overpayments,2024-05-10,0.0
Taxes expected,2024-05-10,281.07
Taxes collected,2024-05-10,281.07
Tips,2024-05-10,51.08
Amount collected,2024-05-10,3417.44
Unpaid balance,2024-05-10,0.0
Gross sales,2024-05-11,2982.43
Refunds,2024-05-11,0.0
Net sales,2024-05-11,2982.43
Overpayments,2024-05-11,0.0
Taxes expected,2024-05-11,269.98
Taxes collected,2024-05-11,269.98
Tips,2024-05-11,77.18
Amount collected,2024-05-11,3329.59
Unpaid balance,2024-05-11,0.0
Gross sales,2024-05-12,2567.54
Refunds,2024-05-12,0.0
Net sales,2024-05-12,2567.54
Overpayments,2024-05-12,0.0
Taxes expected,2024-05-12,233.82
Taxes collected,2024-05-12,233.82
Tips,2024-05-12,61.29
Amount collected,2024-05-12,2862.65
Unpaid balance,2024-05-12,0.0
Gross sales,2024-05-13,1917.04
Refunds,2024-05-13,0.0
Net sales,2024-05-13,1917.04
Overpayments,2024-05-13,0.0
Taxes expected,2024-05-13,175.99
Taxes collected,2024-05-13,175.99
Tips,2024-05-13,40.24
Amount collected,2024-05-13,2133.27
Unpaid balance,2024-05-13,0.0
Gross sales,2024-05-14,1840.98
Refunds,2024-05-14,0.0
Net sales,2024-05-14,1840.98
Overpayments,2024-05-14,0.0
Taxes expected,2024-05-14,168.77
Taxes collected,2024-05-14,168.77
Tips,2024-05-14,37.24
Amount collected,2024-05-14,2046.99
Unpaid balance,2024-05-14,0.0
Gross sales,2024-05-15,2051.53
Refunds,2024-05-15,0.0
Net sales,2024-05-15,2051.53
Overpayments,2024-05-15,0.0
Taxes expected,2024-05-15,189.95
Taxes collected,2024-05-15,189.95
Tips,2024-05-15,38.53
Amount collected,2024-05-15,2280.01
Unpaid balance,2024-05-15,0.0
Gross sales,2024-05-16,2572.23
Refunds,2024-05-16,0.0
Net sales,2024-05-16,2572.23
Overpayments,2024-05-16,0.0
Taxes expected,2024-05-16,237.82
Taxes collected,2024-05-16,237.01
Tips,2024-05-16,66.21
Amount collected,2024-05-16,2875.45
Unpaid balance,2024-05-16,0.0
Gross sales,2024-05-17,2779.92
Refunds,2024-05-17,0.0
Net sales,2024-05-17,2779.92
Overpayments,2024-05-17,0.0
Taxes expected,2024-05-17,252.71
Taxes collected,2024-05-17,252.71
Tips,2024-05-17,56.87
Amount collected,2024-05-17,3081.59
Unpaid balance,2024-05-17,7.91
Gross sales,2024-05-18,2776.49
Refunds,2024-05-18,0.0
Net sales,2024-05-18,2776.49
Overpayments,2024-05-18,1.43
Taxes expected,2024-05-18,253.58
Taxes collected,2024-05-18,253.58
Tips,2024-05-18,30.74
Amount collected,2024-05-18,3062.24
Unpaid balance,2024-05-18,0.0
Gross sales,2024-05-19,2791.37
Refunds,2024-05-19,0.0
Net sales,2024-05-19,2791.37
Overpayments,2024-05-19,0.0
Taxes expected,2024-05-19,253.95
Taxes collected,2024-05-19,252.63
Tips,2024-05-19,49.95
Amount collected,2024-05-19,3093.95
Unpaid balance,2024-05-19,0.0
Gross sales,2024-05-20,2082.03
Refunds,2024-05-20,0.0
Net sales,2024-05-20,2082.03
Overpayments,2024-05-20,0.0
Taxes expected,2024-05-20,193.46
Taxes collected,2024-05-20,193.46
Tips,2024-05-20,42.23
Amount collected,2024-05-20,2317.72
Unpaid balance,2024-05-20,0.0
Gross sales,2024-05-21,2195.15
Refunds,2024-05-21,0.0
Net sales,2024-05-21,2195.15
Overpayments,2024-05-21,0.0
Taxes expected,2024-05-21,198.62
Taxes collected,2024-05-21,198.62
Tips,2024-05-21,56.46
Amount collected,2024-05-21,2450.23
Unpaid balance,2024-05-21,0.0
Gross sales,2024-05-22,2193.88
Refunds,2024-05-22,0.0
Net sales,2024-05-22,2193.88
Overpayments,2024-05-22,0.0
Taxes expected,2024-05-22,200.74
Taxes collected,2024-05-22,200.74
Tips,2024-05-22,38.46
Amount collected,2024-05-22,2433.08
Unpaid balance,2024-05-22,0.0
Gross sales,2024-05-23,2416.03
Refunds,2024-05-23,0.0
Net sales,2024-05-23,2416.03
Overpayments,2024-05-23,0.0
Taxes expected,2024-05-23,218.44
Taxes collected,2024-05-23,218.44
Tips,2024-05-23,37.7
Amount collected,2024-05-23,2672.17
Unpaid balance,2024-05-23,0.0
Gross sales,2024-05-24,3365.25
Refunds,2024-05-24,0.0
Net sales,2024-05-24,3365.25
Overpayments,2024-05-24,0.0
Taxes expected,2024-05-24,305.42
Taxes collected,2024-05-24,305.42
Tips,2024-05-24,48.97
Amount collected,2024-05-24,3719.64
Unpaid balance,2024-05-24,0.0
Gross sales,2024-05-25,2875.32
Refunds,2024-05-25,0.0
Net sales,2024-05-25,2875.32
Overpayments,2024-05-25,0.0
Taxes expected,2024-05-25,262.87
Taxes collected,2024-05-25,262.87
Tips,2024-05-25,74.9
Amount collected,2024-05-25,3213.09
Unpaid balance,2024-05-25,0.0
Gross sales,2024-05-26,2859.5
Refunds,2024-05-26,0.0
Net sales,2024-05-26,2859.5
Overpayments,2024-05-26,0.0
Taxes expected,2024-05-26,263.86
Taxes collected,2024-05-26,263.86
Tips,2024-05-26,65.34
Amount collected,2024-05-26,3188.7
Unpaid balance,2024-05-26,0.0
Gross sales,2024-05-27,1784.38
Refunds,2024-05-27,0.0
Net sales,2024-05-27,1784.38
Overpayments,2024-05-27,0.0
Taxes expected,2024-05-27,163.15
Taxes collected,2024-05-27,163.15
Tips,2024-05-27,17.27
Amount collected,2024-05-27,1964.8
Unpaid balance,2024-05-27,0.0
Gross sales,2024-05-28,1745.37
Refunds,2024-05-28,0.0
Net sales,2024-05-28,1745.37
Overpayments,2024-05-28,0.0
Taxes expected,2024-05-28,161.84
Taxes collected,2024-05-28,161.84
Tips,2024-05-28,31.93
Amount collected,2024-05-28,1939.14
Unpaid balance,2024-05-28,0.0
Gross sales,2024-05-29,2396.39
Refunds,2024-05-29,0.0
Net sales,2024-05-29,2396.39
Overpayments,2024-05-29,0.0
Taxes expected,2024-05-29,216.84
Taxes collected,2024-05-29,216.84
Tips,2024-05-29,59.87
Amount collected,2024-05-29,2673.1
Unpaid balance,2024-05-29,0.0
Gross sales,2024-05-30,2479.89
Refunds,2024-05-30,0.0
Net sales,2024-05-30,2479.89
Overpayments,2024-05-30,0.0
Taxes expected,2024-05-30,225.67
Taxes collected,2024-05-30,225.67
Tips,2024-05-30,48.56
Amount collected,2024-05-30,2754.12
Unpaid balance,2024-05-30,0.0
Gross sales,2024-05-31,2604.84
Refunds,2024-05-31,0.0
Net sales,2024-05-31,2604.84
Overpayments,2024-05-31,0.0
Taxes expected,2024-05-31,242.29
Taxes collected,2024-05-31,242.29
Tips,2024-05-31,46.0
Amount collected,2024-05-31,2893.13
Unpaid balance,2024-05-31,0.0
Gross sales,2024-06-01,3117.78
Refunds,2024-06-01,0.0
Net sales,2024-06-01,3117.78
Overpayments,2024-06-01,0.0
Taxes expected,2024-06-01,288.81
Taxes collected,2024-06-01,288.81
Tips,2024-06-01,41.2
Amount collected,2024-06-01,3441.88
Unpaid balance,2024-06-01,5.91
Gross sales,2024-06-02,3222.36
Refunds,2024-06-02,0.0
Net sales,2024-06-02,3222.36
Overpayments,2024-06-02,0.0
Taxes expected,2024-06-02,293.02
Taxes collected,2024-06-02,293.02
Tips,2024-06-02,80.21
Amount collected,2024-06-02,3595.59
Unpaid balance,2024-06-02,0.0
Gross sales,2024-06-03,2185.71
Refunds,2024-06-03,0.0
Net sales,2024-06-03,2185.71
Overpayments,2024-06-03,0.0
Taxes expected,2024-06-03,201.72
Taxes collected,2024-06-03,201.72
Tips,2024-06-03,49.58
Amount collected,2024-06-03,2437.01
Unpaid balance,2024-06-03,0.0
Gross sales,2024-06-04,1845.53
Refunds,2024-06-04,0.0
Net sales,2024-06-04,1845.53
Overpayments,2024-06-04,0.0
Taxes expected,2024-06-04,166.87
Taxes collected,2024-06-04,166.87
Tips,2024-06-04,35.42
Amount collected,2024-06-04,2047.82
Unpaid balance,2024-06-04,0.0
Gross sales,2024-06-05,2284.45
Refunds,2024-06-05,0.0
Net sales,2024-06-05,2284.45
Overpayments,2024-06-05,0.0
Taxes expected,2024-06-05,206.94
Taxes collected,2024-06-05,206.94
Tips,2024-06-05,53.03
Amount collected,2024-06-05,2544.42
Unpaid balance,2024-06-05,0.0
Gross sales,2024-06-06,2725.5
Refunds,2024-06-06,0.0
Net sales,2024-06-06,2725.5
Overpayments,2024-06-06,0.0
Taxes expected,2024-06-06,247.55
Taxes collected,2024-06-06,247.55
Tips,2024-06-06,57.81
Amount collected,2024-06-06,3030.86
Unpaid balance,2024-06-06,0.0
Gross sales,2024-06-07,2745.25
Refunds,2024-06-07,0.0
Net sales,2024-06-07,2745.25
Overpayments,2024-06-07,0.0
Taxes expected,2024-06-07,248.15
Taxes collected,2024-06-07,248.15
Tips,2024-06-07,40.38
Amount collected,2024-06-07,3033.78
Unpaid balance,2024-06-07,0.0
Gross sales,2024-06-08,3720.55
Refunds,2024-06-08,0.0
Net sales,2024-06-08,3720.55
Overpayments,2024-06-08,0.0
Taxes expected,2024-06-08,345.91
Taxes collected,2024-06-08,345.91
Tips,2024-06-08,94.16
Amount collected,2024-06-08,4160.62
Unpaid balance,2024-06-08,0.0
Gross sales,2024-06-09,2886.84
Refunds,2024-06-09,0.0
Net sales,2024-06-09,2886.84
Overpayments,2024-06-09,0.0
Taxes expected,2024-06-09,267.65
Taxes collected,2024-06-09,267.65
Tips,2024-06-09,59.45
Amount collected,2024-06-09,3213.94
Unpaid balance,2024-06-09,0.0
Gross sales,2024-06-10,1720.37
Refunds,2024-06-10,0.0
Net sales,2024-06-10,1720.37
Overpayments,2024-06-10,1.62
Taxes expected,2024-06-10,157.88
Taxes collected,2024-06-10,157.88
Tips,2024-06-10,20.78
Amount collected,2024-06-10,1900.65
Unpaid balance,2024-06-10,0.0
Gross sales,2024-06-11,2251.54
Refunds,2024-06-11,0.0
Net sales,2024-06-11,2251.54
Overpayments,2024-06-11,0.0
Taxes expected,2024-06-11,208.29
Taxes collected,2024-06-11,208.29
Tips,2024-06-11,54.54
Amount collected,2024-06-11,2514.37
Unpaid balance,2024-06-11,0.0
Gross sales,2024-06-12,2137.14
Refunds,2024-06-12,0.0
Net sales,2024-06-12,2137.14
Overpayments,2024-06-12,0.0
Taxes expected,2024-06-12,196.44
Taxes collected,2024-06-12,196.44
Tips,2024-06-12,24.09
Amount collected,2024-06-12,2357.67
Unpaid balance,2024-06-12,0.0
Gross sales,2024-06-13,2414.35
Refunds,2024-06-13,0.0
Net sales,2024-06-13,2414.35
Overpayments,2024-06-13,0.0
Taxes expected,2024-06-13,222.67
Taxes collected,2024-06-13,222.67
Tips,2024-06-13,64.48
Amount collected,2024-06-13,2701.5
Unpaid balance,2024-06-13,0.0
Gross sales,2024-06-14,2816.47
Refunds,2024-06-14,0.0
Net sales,2024-06-14,2816.47
Overpayments,2024-06-14,0.0
Taxes expected,2024-06-14,261.2
Taxes collected,2024-06-14,261.2
Tips,2024-06-14,33.3
Amount collected,2024-06-14,3110.97
Unpaid balance,2024-06-14,0.0
Gross sales,2024-06-15,3496.21
Refunds,2024-06-15,0.0
Net sales,2024-06-15,3496.21
Overpayments,2024-06-15,0.0
Taxes expected,2024-06-15,322.59
Taxes collected,2024-06-15,322.59
Tips,2024-06-15,46.37
Amount collected,2024-06-15,3865.17
Unpaid balance,2024-06-15,0.0
Gross sales,2024-06-16,2710.66
Refunds,2024-06-16,0.0
Net sales,2024-06-16,2710.66
Overpayments,2024-06-16,0.0
Taxes expected,2024-06-16,247.25
Taxes collected,2024-06-16,247.25
Tips,2024-06-16,29.89
Amount collected,2024-06-16,2987.8
Unpaid balance,2024-06-16,0.0
Gross sales,2024-06-17,2084.9
Refunds,2024-06-17,0.0
Net sales,2024-06-17,2084.9
Overpayments,2024-06-17,0.0
Taxes expected,2024-06-17,190.51
Taxes collected,2024-06-17,190.51
Tips,2024-06-17,41.18
Amount collected,2024-06-17,2316.59
Unpaid balance,2024-06-17,0.0
Gross sales,2024-06-18,1969.75
Refunds,2024-06-18,0.0
Net sales,2024-06-18,1969.75
Overpayments,2024-06-18,0.0
Taxes expected,2024-06-18,180.82
Taxes collected,2024-06-18,180.82
Tips,2024-06-18,49.66
Amount collected,2024-06-18,2200.23
Unpaid balance,2024-06-18,0.0
Gross sales,2024-06-19,2290.66
Refunds,2024-06-19,0.0
Net sales,2024-06-19,2290.66
Overpayments,2024-06-19,0.0
Taxes expected,2024-06-19,210.12
Taxes collected,2024-06-19,210.12
Tips,2024-06-19,54.58
Amount collected,2024-06-19,2555.36
Unpaid balance,2024-06-19,0.0
Gross sales,2024-06-20,2734.79
Refunds,2024-06-20,0.0
Net sales,2024-06-20,2734.79
Overpayments,2024-06-20,0.0
Taxes expected,2024-06-20,253.79
Taxes collected,2024-06-20,253.79
Tips,2024-06-20,54.0
Amount collected,2024-06-20,3042.58
Unpaid balance,2024-06-20,0.0
Gross sales,2024-06-21,3208.76
Refunds,2024-06-21,0.0
Net sales,2024-06-21,3208.76
Overpayments,2024-06-21,0.0
Taxes expected,2024-06-21,292.38
Taxes collected,2024-06-21,292.38
Tips,2024-06-21,56.3
Amount collected,2024-06-21,3557.44
Unpaid balance,2024-06-21,0.0
Gross sales,2024-06-22,3155.38
Refunds,2024-06-22,0.0
Net sales,2024-06-22,3155.38
Overpayments,2024-06-22,0.0
Taxes expected,2024-06-22,291.22
Taxes collected,2024-06-22,291.22
Tips,2024-06-22,42.95
Amount collected,2024-06-22,3489.55
Unpaid balance,2024-06-22,0.0
Gross sales,2024-06-23,2716.11
Refunds,2024-06-23,0.0
Net sales,2024-06-23,2716.11
Overpayments,2024-06-23,0.0
Taxes expected,2024-06-23,246.17
Taxes collected,2024-06-23,246.17
Tips,2024-06-23,27.54
Amount collected,2024-06-23,2989.82
Unpaid balance,2024-06-23,0.0
Gross sales,2024-06-24,1852.38
Refunds,2024-06-24,0.0
Net sales,2024-06-24,1852.38
Overpayments,2024-06-24,0.0
Taxes expected,2024-06-24,169.74
Taxes collected,2024-06-24,169.74
Tips,2024-06-24,44.86
Amount collected,2024-06-24,2066.98
Unpaid balance,2024-06-24,0.0
Gross sales,2024-06-25,2273.13
Refunds,2024-06-25,0.0
Net sales,2024-06-25,2273.13
Overpayments,2024-06-25,0.0
Taxes expected,2024-06-25,208.45
Taxes collected,2024-06-25,208.45
Tips,2024-06-25,49.94
Amount collected,2024-06-25,2531.52
Unpaid balance,2024-06-25,0.0
Gross sales,2024-06-26,2652.38
Refunds,2024-06-26,0.0
Net sales,2024-06-26,2652.38
Overpayments,2024-06-26,0.0
Taxes expected,2024-06-26,240.39
Taxes collected,2024-06-26,240.39
Tips,2024-06-26,26.57
Amount collected,2024-06-26,2919.34
Unpaid balance,2024-06-26,0.0
Gross sales,2024-06-27,2303.15
Refunds,2024-06-27,0.0
Net sales,2024-06-27,2303.15
Overpayments,2024-06-27,0.0
Taxes expected,2024-06-27,208.77
Taxes collected,2024-06-27,208.77
Tips,2024-06-27,45.41
Amount collected,2024-06-27,2557.33
Unpaid balance,2024-06-27,0.0
Gross sales,2024-06-28,3213.68
Refunds,2024-06-28,0.0
Net sales,2024-06-28,3213.68
Overpayments,2024-06-28,0.0
Taxes expected,2024-06-28,291.35
Taxes collected,2024-06-28,291.35
Tips,2024-06-28,80.32
Amount collected,2024-06-28,3585.35
Unpaid balance,2024-06-28,0.0
Gross sales,2024-06-29,3048.42
Refunds,2024-06-29,0.0
Net sales,2024-06-29,3048.42
Overpayments,2024-06-29,0.0
Taxes expected,2024-06-29,276.71
Taxes collected,2024-06-29,276.71
Tips,2024-06-29,68.26
Amount collected,2024-06-29,3393.39
Unpaid balance,2024-06-29,0.0
Gross sales,2024-06-30,3349.77
Refunds,2024-06-30,0.0
Net sales,2024-06-30,3349.77
Overpayments,2024-06-30,0.0
Taxes expected,2024-06-30,304.02
Taxes collected,2024-06-30,304.02
Tips,2024-06-30,83.09
Amount collected,2024-06-30,3736.88
Unpaid balance,2024-06-30,0.0
Gross sales,2024-07-01,1984.81
Refunds,2024-07-01,0.0
Net sales,2024-07-01,1984.81
Overpayments,2024-07-01,0.0
Taxes expected,2024-07-01,181.77
Taxes collected,2024-07-01,181.77
Tips,2024-07-01,23.09
Amount collected,2024-07-01,2189.67
Unpaid balance,2024-07-01,0.0
Gross sales,2024-07-02,0.0
Refunds,2024-07-02,0.0
Net sales,2024-07-02,0.0
Overpayments,2024-07-02,0.0
Taxes expected,2024-07-02,0.0
Taxes collected,2024-07-02,0.0
Tips,2024-07-02,0.0
Amount collected,2024-07-02,0.0
Unpaid balance,2024-07-02,0.0
Gross sales,2024-07-03,2195.54
Refunds,2024-07-03,0.0
Net sales,2024-07-03,2195.54
Overpayments,2024-07-03,0.0
Taxes expected,2024-07-03,203.98
Taxes collected,2024-07-03,203.98
Tips,2024-07-03,26.43
Amount collected,2024-07-03,2425.95
Unpaid balance,2024-07-03,0.0
Gross sales,2024-07-04,0.0
Refunds,2024-07-04,0.0
Net sales,2024-07-04,0.0
Overpayments,2024-07-04,0.0
Taxes expected,2024-07-04,0.0
Taxes collected,2024-07-04,0.0
Tips,2024-07-04,0.0
Amount collected,2024-07-04,0.0
Unpaid balance,2024-07-04,0.0
Gross sales,2024-07-05,2990.71
Refunds,2024-07-05,0.0
Net sales,2024-07-05,2990.71
Overpayments,2024-07-05,0.0
Taxes expected,2024-07-05,274.65
Taxes collected,2024-07-05,274.65
Tips,2024-07-05,62.64
Amount collected,2024-07-05,3328.0
Unpaid balance,2024-07-05,0.0
Gross sales,2024-07-06,3304.29
Refunds,2024-07-06,0.0
Net sales,2024-07-06,3304.29
Overpayments,2024-07-06,0.0
Taxes expected,2024-07-06,299.78
Taxes collected,2024-07-06,299.78
Tips,2024-07-06,74.17
Amount collected,2024-07-06,3678.24
Unpaid balance,2024-07-06,0.0
Gross sales,2024-07-07,2820.33
Refunds,2024-07-07,0.0
Net sales,2024-07-07,2820.33
Overpayments,2024-07-07,0.0
Taxes expected,2024-07-07,255.67
Taxes collected,2024-07-07,255.67
Tips,2024-07-07,56.31
Amount collected,2024-07-07,3132.31
Unpaid balance,2024-07-07,0.0
Gross sales,2024-07-08,1824.37
Refunds,2024-07-08,0.0
Net sales,2024-07-08,1824.37
Overpayments,2024-07-08,0.0
Taxes expected,2024-07-08,167.32
Taxes collected,2024-07-08,167.32
Tips,2024-07-08,47.7
Amount collected,2024-07-08,2039.39
Unpaid balance,2024-07-08,0.0
Gross sales,2024-07-09,1996.57
Refunds,2024-07-09,0.0
Net sales,2024-07-09,1996.57
Overpayments,2024-07-09,0.0
Taxes expected,2024-07-09,181.41
Taxes collected,2024-07-09,181.41
Tips,2024-07-09,50.0
Amount collected,2024-07-09,2227.98
Unpaid balance,2024-07-09,0.0
Gross sales,2024-07-10,2502.64
Refunds,2024-07-10,0.0
Net sales,2024-07-10,2502.64
Overpayments,2024-07-10,0.0
Taxes expected,2024-07-10,230.8
Taxes collected,2024-07-10,230.8
Tips,2024-07-10,24.27
Amount collected,2024-07-10,2757.71
Unpaid balance,2024-07-10,0.0
Gross sales,2024-07-11,2436.67
Refunds,2024-07-11,0.0
Net sales,2024-07-11,2436.67
Overpayments,2024-07-11,0.0
Taxes expected,2024-07-11,221.23
Taxes collected,2024-07-11,221.23
Tips,2024-07-11,49.32
Amount collected,2024-07-11,2707.22
Unpaid balance,2024-07-11,0.0
Gross sales,2024-07-12,2730.46
Refunds,2024-07-12,0.0
Net sales,2024-07-12,2730.46
Overpayments,2024-07-12,0.0
Taxes expected,2024-07-12,247.29
Taxes collected,2024-07-12,246.39
Tips,2024-07-12,37.78
Amount collected,2024-07-12,3014.63
Unpaid balance,2024-07-12,0.0
Gross sales,2024-07-13,3337.74
Refunds,2024-07-13,0.0
Net sales,2024-07-13,3337.74
Overpayments,2024-07-13,0.0
Taxes expected,2024-07-13,303.62
Taxes collected,2024-07-13,303.62
Tips,2024-07-13,52.79
Amount collected,2024-07-13,3694.15
Unpaid balance,2024-07-13,0.0
Gross sales,2024-07-14,3246.88
Refunds,2024-07-14,0.0
Net sales,2024-07-14,3246.88
Overpayments,2024-07-14,0.0
Taxes expected,2024-07-14,295.4
Taxes collected,2024-07-14,295.4
Tips,2024-07-14,31.39
Amount collected,2024-07-14,3573.67
Unpaid balance,2024-07-14,0.0
Gross sales,2024-07-15,1912.85
Refunds,2024-07-15,0.0
Net sales,2024-07-15,1912.85
Overpayments,2024-07-15,0.0
Taxes expected,2024-07-15,175.38
Taxes collected,2024-07-15,175.38
Tips,2024-07-15,37.83
Amount collected,2024-07-15,2126.06
Unpaid balance,2024-07-15,0.0
Gross sales,2024-07-16,2021.58
Refunds,2024-07-16,0.0
Net sales,2024-07-16,2021.58
Overpayments,2024-07-16,0.0
Taxes expected,2024-07-16,186.76
Taxes collected,2024-07-16,186.76
Tips,2024-07-16,39.68
Amount collected,2024-07-16,2248.02
Unpaid balance,2024-07-16,0.0
Gross sales,2024-07-17,2480.05
Refunds,2024-07-17,0.0
Net sales,2024-07-17,2480.05
Overpayments,2024-07-17,0.0
Taxes expected,2024-07-17,224.99
Taxes collected,2024-07-17,224.99
Tips,2024-07-17,31.79
Amount collected,2024-07-17,2736.83
Unpaid balance,2024-07-17,0.0
Gross sales,2024-07-18,2506.91
Refunds,2024-07-18,0.0
Net sales,2024-07-18,2506.91
Overpayments,2024-07-18,0.0
Taxes expected,2024-07-18,230.74
Taxes collected,2024-07-18,230.74
Tips,2024-07-18,44.03
Amount collected,2024-07-18,2781.68
Unpaid balance,2024-07-18,0.0
Gross sales,2024-07-19,3614.9
Refunds,2024-07-19,0.0
Net sales,2024-07-19,3614.9
Overpayments,2024-07-19,0.0
Taxes expected,2024-07-19,334.59
Taxes collected,2024-07-19,334.59
Tips,2024-07-19,72.16
Amount collected,2024-07-19,4021.65
Unpaid balance,2024-07-19,0.0
Gross sales,2024-07-20,3510.63
Refunds,2024-07-20,0.0
Net sales,2024-07-20,3510.63
Overpayments,2024-07-20,0.0
Taxes expected,2024-07-20,319.09
Taxes collected,2024-07-20,319.09
Tips,2024-07-20,89.11
Amount collected,2024-07-20,3918.83
Unpaid balance,2024-07-20,0.0
Gross sales,2024-07-21,3389.66
Refunds,2024-07-21,0.0
Net sales,2024-07-21,3389.66
Overpayments,2024-07-21,0.0
Taxes expected,2024-07-21,311.43
Taxes collected,2024-07-21,310.71
Tips,2024-07-21,46.65
Amount collected,2024-07-21,3747.02
Unpaid balance,2024-07-21,0.0
Gross sales,2024-07-22,2039.59
Refunds,2024-07-22,0.0
Net sales,2024-07-22,2039.59
Overpayments,2024-07-22,0.0
Taxes expected,2024-07-22,185.25
Taxes collected,2024-07-22,183.71
Tips,2024-07-22,40.41
Amount collected,2024-07-22,2263.71
Unpaid balance,2024-07-22,0.0
Gross sales,2024-07-23,2122.6
Refunds,2024-07-23,0.0
Net sales,2024-07-23,2122.6
Overpayments,2024-07-23,0.0
Taxes expected,2024-07-23,195.25
Taxes collected,2024-07-23,194.23
Tips,2024-07-23,55.82
Amount collected,2024-07-23,2372.65
Unpaid balance,2024-07-23,0.0
Gross sales,2024-07-24,2314.83
Refunds,2024-07-24,0.0
Net sales,2024-07-24,2314.83
Overpayments,2024-07-24,0.0
Taxes expected,2024-07-24,210.67
Taxes collected,2024-07-24,210.67
Tips,2024-07-24,51.42
Amount collected,2024-07-24,2576.92
Unpaid balance,2024-07-24,0.0
Gross sales,2024-07-25,2650.49
Refunds,2024-07-25,0.0
Net sales,2024-07-25,2650.49
Overpayments,2024-07-25,0.0
Taxes expected,2024-07-25,241.84
Taxes collected,2024-07-25,241.84
Tips,2024-07-25,64.22
Amount collected,2024-07-25,2956.55
Unpaid balance,2024-07-25,0.0
Gross sales,2024-07-26,2864.53
Refunds,2024-07-26,0.0
Net sales,2024-07-26,2864.53
Overpayments,2024-07-26,0.0
Taxes expected,2024-07-26,259.4
Taxes collected,2024-07-26,259.4
Tips,2024-07-26,45.86
Amount collected,2024-07-26,3169.79
Unpaid balance,2024-07-26,0.0
Gross sales,2024-07-27,2936.65
Refunds,2024-07-27,0.0
Net sales,2024-07-27,2936.65
Overpayments,2024-07-27,0.0
Taxes expected,2024-07-27,267.56
Taxes collected,2024-07-27,267.56
Tips,2024-07-27,47.03
Amount collected,2024-07-27,3251.24
Unpaid balance,2024-07-27,0.0
Gross sales,2024-07-28,3013.16
Refunds,2024-07-28,0.0
Net sales,2024-07-28,3013.16
Overpayments,2024-07-28,0.0
Taxes expected,2024-07-28,275.73
Taxes collected,2024-07-28,275.73
Tips,2024-07-28,70.36
Amount collected,2024-07-28,3359.25
Unpaid balance,2024-07-28,0.0
Gross sales,2024-07-29,2000.02
Refunds,2024-07-29,0.0
Net sales,2024-07-29,2000.02
Overpayments,2024-07-29,0.0
Taxes expected,2024-07-29,181.9
Taxes collected,2024-07-29,181.9
Tips,2024-07-29,23.65
Amount collected,2024-07-29,2205.57
Unpaid balance,2024-07-29,0.0
Gross sales,2024-07-30,2165.78
Refunds,2024-07-30,0.0
Net sales,2024-07-30,2165.78
Overpayments,2024-07-30,0.0
Taxes expected,2024-07-30,200.69
Taxes collected,2024-07-30,200.69
Tips,2024-07-30,24.15
Amount collected,2024-07-30,2390.62
Unpaid balance,2024-07-30,0.0
Gross sales,2024-07-31,2130.15
Refunds,2024-07-31,0.0
Net sales,2024-07-31,2130.15
Overpayments,2024-07-31,0.0
Taxes expected,2024-07-31,193.16
Taxes collected,2024-07-31,193.16
Tips,2024-07-31,35.67
Amount collected,2024-07-31,2358.98
Unpaid balance,2024-07-31,0.0
Gross sales,2024-08-01,2164.62
Refunds,2024-08-01,0.0
Net sales,2024-08-01,2164.62
Overpayments,2024-08-01,0.0
Taxes expected,2024-08-01,201.01
Taxes collected,2024-08-01,201.01
Tips,2024-08-01,33.01
Amount collected,2024-08-01,2398.64
Unpaid balance,2024-08-01,0.0
Gross sales,2024-08-02,3243.72
Refunds,2024-08-02,0.0
Net sales,2024-08-02,3243.72
Overpayments,2024-08-02,0.0
Taxes expected,2024-08-02,296.22
Taxes collected,2024-08-02,296.22
Tips,2024-08-02,82.9
Amount collected,2024-08-02,3622.84
Unpaid balance,2024-08-02,0.0
Gross sales,2024-08-03,3401.92
Refunds,2024-08-03,0.0
Net sales,2024-08-03,3401.92
Overpayments,2024-08-03,0.0
Taxes expected,2024-08-03,309.23
Taxes collected,2024-08-03,309.23
Tips,2024-08-03,60.44
Amount collected,2024-08-03,3771.59
Unpaid balance,2024-08-03,0.0
Gross sales,2024-08-04,2879.13
Refunds,2024-08-04,0.0
Net sales,2024-08-04,2879.13
Overpayments,2024-08-04,0.0
Taxes expected,2024-08-04,261.89
Taxes collected,2024-08-04,261.89
Tips,2024-08-04,75.33
Amount collected,2024-08-04,3216.35
Unpaid balance,2024-08-04,0.0
Gross sales,2024-08-05,1827.24
Refunds,2024-08-05,0.0
Net sales,2024-08-05,1827.24
Overpayments,2024-08-05,0.0
Taxes expected,2024-08-05,167.71
Taxes collected,2024-08-05,167.71
Tips,2024-08-05,36.0
Amount collected,2024-08-05,2030.95
Unpaid balance,2024-08-05,0.0
Gross sales,2024-08-06,2097.85
Refunds,2024-08-06,0.0
Net sales,2024-08-06,2097.85
Overpayments,2024-08-06,0.0
Taxes expected,2024-08-06,191.51
Taxes collected,2024-08-06,191.51
Tips,2024-08-06,35.57
Amount collected,2024-08-06,2324.93
Unpaid balance,2024-08-06,0.0
Gross sales,2024-08-07,2132.02
Refunds,2024-08-07,0.0
Net sales,2024-08-07,2132.02
Overpayments,2024-08-07,0.0
Taxes expected,2024-08-07,195.01
Taxes collected,2024-08-07,195.01
Tips,2024-08-07,28.48
Amount collected,2024-08-07,2355.51
Unpaid balance,2024-08-07,0.0
Gross sales,2024-08-08,2306.79
Refunds,2024-08-08,0.0
Net sales,2024-08-08,2306.79
Overpayments,2024-08-08,0.0
Taxes expected,2024-08-08,210.78
Taxes collected,2024-08-08,210.78
Tips,2024-08-08,24.1
Amount collected,2024-08-08,2541.67
Unpaid balance,2024-08-08,0.0
Gross sales,2024-08-09,3353.53
Refunds,2024-08-09,0.0
Net sales,2024-08-09,3353.53
Overpayments,2024-08-09,0.0
Taxes expected,2024-08-09,305.48
Taxes collected,2024-08-09,305.48
Tips,2024-08-09,72.28
Amount collected,2024-08-09,3731.29
Unpaid balance,2024-08-09,0.0
Gross sales,2024-08-10,3574.74
Refunds,2024-08-10,0.0
Net sales,2024-08-10,3574.74
Overpayments,2024-08-10,0.0
Taxes expected,2024-08-10,326.42
Taxes collected,2024-08-10,326.42
Tips,2024-08-10,36.73
Amount collected,2024-08-10,3937.89
Unpaid balance,2024-08-10,0.0
Gross sales,2024-08-11,2910.22
Refunds,2024-08-11,0.0
Net sales,2024-08-11,2910.22
Overpayments,2024-08-11,0.0
Taxes expected,2024-08-11,267.76
Taxes collected,2024-08-11,267.76
Tips,2024-08-11,60.79
Amount collected,2024-08-11,3238.77
Unpaid balance,2024-08-11,0.0
Gross sales,2024-08-12,1754.33
Refunds,2024-08-12,0.0
Net sales,2024-08-12,1754.33
Overpayments,2024-08-12,0.0
Taxes expected,2024-08-12,162.51
Taxes collected,2024-08-12,162.51
Tips,2024-08-12,28.69
Amount collected,2024-08-12,1945.53
Unpaid balance,2024-08-12,0.0
Gross sales,2024-08-13,2154.52
Refunds,2024-08-13,0.0
Net sales,2024-08-13,2154.52
Overpayments,2024-08-13,0.0
Taxes expected,2024-08-13,198.33
Taxes collected,2024-08-13,198.33
Tips,2024-08-13,24.83
Amount collected,2024-08-13,2377.68
Unpaid balance,2024-08-13,0.0
Gross sales,2024-08-14,2461.42
Refunds,2024-08-14,0.0
Net sales,2024-08-14,2461.42
Overpayments,2024-08-14,0.0
Taxes expected,2024-08-14,227.43
Taxes collected,2024-08-14,227.43
Tips,2024-08-14,57.17
Amount collected,2024-08-14,2746.02
Unpaid balance,2024-08-14,0.0
Gross sales,2024-08-15,2578.53
Refunds,2024-08-15,0.0
Net sales,2024-08-15,2578.53
Overpayments,2024-08-15,0.0
Taxes expected,2024-08-15,233.75
Taxes collected,2024-08-15,232.86
Tips,2024-08-15,29.28
Amount collected,2024-08-15,2840.67
Unpaid balance,2024-08-15,0.0
Gross sales,2024-08-16,2782.48
Refunds,2024-08-16,0.0
Net sales,2024-08-16,2782.48
Overpayments,2024-08-16,0.0
Taxes expected,2024-08-16,254.59
Taxes collected,2024-08-16,254.59
Tips,2024-08-16,28.21
Amount collected,2024-08-16,3065.28
Unpaid balance,2024-08-16,0.0
Gross sales,2024-08-17,2983.77
Refunds,2024-08-17,0.0
Net sales,2024-08-17,2983.77
Overpayments,2024-08-17,0.0
Taxes expected,2024-08-17,277.8
Taxes collected,2024-08-17,277.8
Tips,2024-08-17,55.92
Amount collected,2024-08-17,3317.49
Unpaid balance,2024-08-17,0.0
Gross sales,2024-08-18,3126.88
Refunds,2024-08-18,0.0
Net sales,2024-08-18,3126.88
Overpayments,2024-08-18,0.0
Taxes expected,2024-08-18,288.68
Taxes collected,2024-08-18,288.68
Tips,2024-08-18,68.94
Amount collected,2024-08-18,3484.5
Unpaid balance,2024-08-18,0.0
Gross sales,2024-08-19,2068.68
Refunds,2024-08-19,0.0
Net sales,2024-08-19,2068.68
Overpayments,2024-08-19,0.0
Taxes expected,2024-08-19,191.58
Taxes collected,2024-08-19,191.58
Tips,2024-08-19,40.64
Amount collected,2024-08-19,2300.9
Unpaid balance,2024-08-19,0.0
Gross sales,2024-08-20,1875.63
Refunds,2024-08-20,0.0
Net sales,2024-08-20,1875.63
Overpayments,2024-08-20,0.0
Taxes expected,2024-08-20,173.5
Taxes collected,2024-08-20,173.5
Tips,2024-08-20,43.22
Amount collected,2024-08-20,2092.35
Unpaid balance,2024-08-20,0.0
Gross sales,2024-08-21,2435.26
Refunds,2024-08-21,0.0
Net sales,2024-08-21,2435.26
Overpayments,2024-08-21,0.0
Taxes expected,2024-08-21,223.28
Taxes collected,2024-08-21,223.28
Tips,2024-08-21,56.43
Amount collected,2024-08-21,2714.97
Unpaid balance,2024-08-21,0.0
Gross sales,2024-08-22,2668.7
Refunds,2024-08-22,0.0
Net sales,2024-08-22,2668.7
Overpayments,2024-08-22,0.0
Taxes expected,2024-08-22,244.21
Taxes collected,2024-08-22,244.21
Tips,2024-08-22,60.93
Amount collected,2024-08-22,2973.84
Unpaid balance,2024-08-22,0.0
Gross sales,2024-08-23,2602.41
Refunds,2024-08-23,0.0
Net sales,2024-08-23,2602.41
Overpayments,2024-08-23,0.0
Taxes expected,2024-08-23,241.7
Taxes collected,2024-08-23,241.7
Tips,2024-08-23,27.18
Amount collected,2024-08-23,2871.29
Unpaid balance,2024-08-23,0.0
Gross sales,2024-08-24,3395.58
Refunds,2024-08-24,0.0
Net sales,2024-08-24,3395.58
Overpayments,2024-08-24,0.0
Taxes expected,2024-08-24,313.82
Taxes collected,2024-08-24,313.82
Tips,2024-08-24,39.94
Amount collected,2024-08-24,3749.34
Unpaid balance,2024-08-24,0.0
Gross sales,2024-08-25,3135.0
Refunds,2024-08-25,0.0
Net sales,2024-08-25,3135.0
Overpayments,2024-08-25,0.76
Taxes expected,2024-08-25,283.79
Taxes collected,2024-08-25,283.79
Tips,2024-08-25,81.49
Amount collected,2024-08-25,3501.04
Unpaid balance,2024-08-25,0.0
Gross sales,2024-08-26,2035.54
Refunds,2024-08-26,0.0
Net sales,2024-08-26,2035.54
Overpayments,2024-08-26,0.0
Taxes expected,2024-08-26,188.89
Taxes collected,2024-08-26,188.89
Tips,2024-08-26,53.46
Amount collected,2024-08-26,2277.89
Unpaid balance,2024-08-26,0.0
Gross sales,2024-08-27,1911.95
Refunds,2024-08-27,0.0
Net sales,2024-08-27,1911.95
Overpayments,2024-08-27,0.0
Taxes expected,2024-08-27,175.41
Taxes collected,2024-08-27,175.41
Tips,2024-08-27,18.54
Amount collected,2024-08-27,2105.9
Unpaid balance,2024-08-27,0.0
Gross sales,2024-08-28,2045.53
Refunds,2024-08-28,0.0
Net sales,2024-08-28,2045.53
Overpayments,2024-08-28,0.0
Taxes expected,2024-08-28,190.38
Taxes collected,2024-08-28,190.38
Tips,2024-08-28,44.3
Amount collected,2024-08-28,2280.21
Unpaid balance,2024-08-28,0.0
Gross sales,2024-08-29,2534.03
Refunds,2024-08-29,0.0
Net sales,2024-08-29,2534.03
Overpayments,2024-08-29,0.0
Taxes expected,2024-08-29,231.09
Taxes collected,2024-08-29,231.09
Tips,2024-08-29,66.73
Amount collected,2024-08-29,2831.85
Unpaid balance,2024-08-29,0.0
Gross sales,2024-08-30,3401.52
Refunds,2024-08-30,0.0
Net sales,2024-08-30,3401.52
Overpayments,2024-08-30,0.0
Taxes expected,2024-08-30,315.99
Taxes collected,2024-08-30,315.99
Tips,2024-08-30,86.7
Amount collected,2024-08-30,3804.21
Unpaid balance,2024-08-30,0.0
Gross sales,2024-08-31,2898.7
Refunds,2024-08-31,0.0
Net sales,2024-08-31,2898.7
Overpayments,2024-08-31,0.0
Taxes expected,2024-08-31,268.67
Taxes collected,2024-08-31,268.67
Tips,2024-08-31,48.11
Amount collected,2024-08-31,3215.48
Unpaid balance,2024-08-31,0.0
Gross sales,2024-09-01,2640.46
Refunds,2024-09-01,0.0
Net sales,2024-09-01,2640.46
Overpayments,2024-09-01,0.0
Taxes expected,2024-09-01,245.23
Taxes collected,2024-09-01,245.23
Tips,2024-09-01,26.62
Amount collected,2024-09-01,2912.31
Unpaid balance,2024-09-01,0.0
Gross sales,2024-09-02,1904.23
Refunds,2024-09-02,0.0
Net sales,2024-09-02,1904.23
Overpayments,2024-09-02,0.0
Taxes expected,2024-09-02,177.16
Taxes collected,2024-09-02,177.16
Tips,2024-09-02,26.0
Amount collected,2024-09-02,2107.39
Unpaid balance,2024-09-02,0.0
Gross sales,2024-09-03,2027.79
Refunds,2024-09-03,0.0
Net sales,2024-09-03,2027.79
Overpayments,2024-09-03,0.0
Taxes expected,2024-09-03,184.78
Taxes collected,2024-09-03,184.78
Tips,2024-09-03,25.2
Amount collected,2024-09-03,2237.77
Unpaid balance,2024-09-03,0.0
Gross sales,2024-09-04,2534.42
Refunds,2024-09-04,0.0
Net sales,2024-09-04,2534.42
Overpayments,2024-09-04,0.0
Taxes expected,2024-09-04,233.37
Taxes collected,2024-09-04,233.37
Tips,2024-09-04,65.0
Amount collected,2024-09-04,2832.79
Unpaid balance,2024-09-04,0.0
Gross sales,2024-09-05,2501.48
Refunds,2024-09-05,0.0
Net sales,2024-09-05,2501.48
Overpayments,2024-09-05,0.0
Taxes expected,2024-09-05,231.31
Taxes collected,2024-09-05,231.31
Tips,2024-09-05,58.11
Amount collected,2024-09-05,2790.9
Unpaid balance,2024-09-05,0.0
Gross sales,2024-09-06,2926.91
Refunds,2024-09-06,0.0
Net sales,2024-09-06,2926.91
Overpayments,2024-09-06,0.0
Taxes expected,2024-09-06,271.39
Taxes collected,2024-09-06,270.73
Tips,2024-09-06,55.51
Amount collected,2024-09-06,3253.15
Unpaid balance,2024-09-06,0.0
Gross sales,2024-09-07,3335.04
Refunds,2024-09-07,0.0
Net sales,2024-09-07,3335.04
Overpayments,2024-09-07,0.0
Taxes expected,2024-09-07,308.04
Taxes collected,2024-09-07,308.04
Tips,2024-09-07,52.75
Amount collected,2024-09-07,3695.83
Unpaid balance,2024-09-07,0.0
Gross sales,2024-09-08,2671.07
Refunds,2024-09-08,0.0
Net sales,2024-09-08,2671.07
Overpayments,2024-09-08,0.0
Taxes expected,2024-09-08,243.58
Taxes collected,2024-09-08,243.58
Tips,2024-09-08,26.7
Amount collected,2024-09-08,2941.35
Unpaid balance,2024-09-08,0.0
Gross sales,2024-09-09,2040.63
Refunds,2024-09-09,0.0
Net sales,2024-09-09,2040.63
Overpayments,2024-09-09,0.0
Taxes expected,2024-09-09,184.54
Taxes collected,2024-09-09,184.54
Tips,2024-09-09,31.53
Amount collected,2024-09-09,2256.7
Unpaid balance,2024-09-09,0.0
Gross sales,2024-09-10,2039.16
Refunds,2024-09-10,0.0
Net sales,2024-09-10,2039.16
Overpayments,2024-09-10,0.0
Taxes expected,2024-09-10,188.46
Taxes collected,2024-09-10,188.46
Tips,2024-09-10,30.23
Amount collected,2024-09-10,2257.85
Unpaid balance,2024-09-10,0.0
Gross sales,2024-09-11,2252.28
Refunds,2024-09-11,0.0
Net sales,2024-09-11,2252.28
Overpayments,2024-09-11,0.0
Taxes expected,2024-09-11,204.94
Taxes collected,2024-09-11,204.94
Tips,2024-09-11,57.1
Amount collected,2024-09-11,2514.32
Unpaid balance,2024-09-11,0.0
Gross sales,2024-09-12,2195.96
Refunds,2024-09-12,0.0
Net sales,2024-09-12,2195.96
Overpayments,2024-09-12,0.0
Taxes expected,2024-09-12,198.66
Taxes collected,2024-09-12,198.66
Tips,2024-09-12,56.52
Amount collected,2024-09-12,2451.14
Unpaid balance,2024-09-12,0.0
Gross sales,2024-09-13,2707.81
Refunds,2024-09-13,0.0
Net sales,2024-09-13,2707.81
Overpayments,2024-09-13,0.0
Taxes expected,2024-09-13,247.19
Taxes collected,2024-09-13,247.19
Tips,2024-09-13,45.25
Amount collected,2024-09-13,3000.25
Unpaid balance,2024-09-13,0.0
Gross sales,2024-09-14,3412.65
Refunds,2024-09-14,0.0
Net sales,2024-09-14,3412.65
Overpayments,2024-09-14,0.0
Taxes expected,2024-09-14,312.78
Taxes collected,2024-09-14,312.78
Tips,2024-09-14,77.63
Amount collected,2024-09-14,3803.06
Unpaid balance,2024-09-14,0.0
Gross sales,2024-09-15,2839.62
Refunds,2024-09-15,0.0
Net sales,2024-09-15,2839.62
Overpayments,2024-09-15,0.0
Taxes expected,2024-09-15,257.8
Taxes collected,2024-09-15,257.8
Tips,2024-09-15,44.52
Amount collected,2024-09-15,3141.94
Unpaid balance,2024-09-15,0.0
Gross sales,2024-09-16,1936.97
Refunds,2024-09-16,0.0
Net sales,2024-09-16,1936.97
Overpayments,2024-09-16,0.0
Taxes expected,2024-09-16,175.89
Taxes collected,2024-09-16,175.89
Tips,2024-09-16,51.31
Amount collected,2024-09-16,2164.17
Unpaid balance,2024-09-16,0.0
Gross sales,2024-09-17,2078.64
Refunds,2024-09-17,0.0
Net sales,2024-09-17,2078.64
Overpayments,2024-09-17,0.0
Taxes expected,2024-09-17,189.15
Taxes collected,2024-09-17,189.15
Tips,2024-09-17,27.7
Amount collected,2024-09-17,2295.49
Unpaid balance,2024-09-17,0.0
Gross sales,2024-09-18,2199.37
Refunds,2024-09-18,0.0
Net sales,2024-09-18,2199.37
Overpayments,2024-09-18,0.0
Taxes expected,2024-09-18,201.48
Taxes collected,2024-09-18,201.48
Tips,2024-09-18,58.58
Amount collected,2024-09-18,2459.43
Unpaid balance,2024-09-18,0.0
Gross sales,2024-09-19,2243.71
Refunds,2024-09-19,0.0
Net sales,2024-09-19,2243.71
Overpayments,2024-09-19,0.0
Taxes expected,2024-09-19,207.01
Taxes collected,2024-09-19,207.01
Tips,2024-09-19,38.83
Amount collected,2024-09-19,2489.55
Unpaid balance,2024-09-19,0.0
Gross sales,2024-09-20,3033.81
Refunds,2024-09-20,0.0
Net sales,2024-09-20,3033.81
Overpayments,2024-09-20,0.0
Taxes expected,2024-09-20,281.88
Taxes collected,2024-09-20,281.88
Tips,2024-09-20,73.59
Amount collected,2024-09-20,3389.28
Unpaid balance,2024-09-20,0.0
Gross sales,2024-09-21,3759.44
Refunds,2024-09-21,0.0
Net sales,2024-09-21,3759.44
Overpayments,2024-09-21,0.0
Taxes expected,2024-09-21,346.85
Taxes collected,2024-09-21,346.85
Tips,2024-09-21,99.42
Amount collected,2024-09-21,4205.71
Unpaid balance,2024-09-21,0.0
Gross sales,2024-09-22,3288.62
Refunds,2024-09-22,0.0
Net sales,2024-09-22,3288.62
Overpayments,2024-09-22,0.0
Taxes expected,2024-09-22,305.67
Taxes collected,2024-09-22,305.67
Tips,2024-09-22,49.59
Amount collected,2024-09-22,3643.88
Unpaid balance,2024-09-22,0.0
Gross sales,2024-09-23,1948.88
Refunds,2024-09-23,0.0
Net sales,2024-09-23,1948.88
Overpayments,2024-09-23,0.0
Taxes expected,2024-09-23,179.56
Taxes collected,2024-09-23,179.56
Tips,2024-09-23,20.29
Amount collected,2024-09-23,2148.73
Unpaid balance,2024-09-23,0.0
Gross sales,2024-09-24,2190.68
Refunds,2024-09-24,0.0
Net sales,2024-09-24,2190.68
Overpayments,2024-09-24,0.0
Taxes expected,2024-09-24,198.8
Taxes collected,2024-09-24,197.88
Tips,2024-09-24,36.97
Amount collected,2024-09-24,2425.53
Unpaid balance,2024-09-24,0.0
Gross sales,2024-09-25,2362.88
Refunds,2024-09-25,0.0
Net sales,2024-09-25,2362.88
Overpayments,2024-09-25,0.0
Taxes expected,2024-09-25,218.94
Taxes collected,2024-09-25,218.94
Tips,2024-09-25,32.05
Amount collected,2024-09-25,2613.87
Unpaid balance,2024-09-25,0.0
Gross sales,2024-09-26,2220.39
Refunds,2024-09-26,0.0
Net sales,2024-09-26,2220.39
Overpayments,2024-09-26,0.0
Taxes expected,2024-09-26,203.64
Taxes collected,2024-09-26,203.64
Tips,2024-09-26,40.65
Amount collected,2024-09-26,2464.68
Unpaid balance,2024-09-26,0.0
Gross sales,2024-09-27,2703.6
Refunds,2024-09-27,0.0
Net sales,2024-09-27,2703.6
Overpayments,2024-09-27,0.0
Taxes expected,2024-09-27,245.2
Taxes collected,2024-09-27,245.2
Tips,2024-09-27,57.06
Amount collected,2024-09-27,3005.86
Unpaid balance,2024-09-27,0.0
Gross sales,2024-09-28,3395.71
Refunds,2024-09-28,0.0
Net sales,2024-09-28,3395.71
Overpayments,2024-09-28,0.0
Taxes expected,2024-09-28,308.07
Taxes collected,2024-09-28,308.07
Tips,2024-09-28,58.06
Amount collected,2024-09-28,3761.84
Unpaid balance,2024-09-28,0.0
Gross sales,2024-09-29,3131.1
Refunds,2024-09-29,0.0
Net sales,2024-09-29,3131.1
Overpayments,2024-09-29,0.0
Taxes expected,2024-09-29,288.57
Taxes collected,2024-09-29,288.57
Tips,2024-09-29,41.88
Amount collected,2024-09-29,3461.55
Unpaid balance,2024-09-29,0.0
Gross sales,2024-09-30,2064.63
Refunds,2024-09-30,0.0
Net sales,2024-09-30,2064.63
Overpayments,2024-09-30,0.0
Taxes expected,2024-09-30,188.08
Taxes collected,2024-09-30,188.08
Tips,2024-09-30,23.1
Amount collected,2024-09-30,2275.81
Unpaid balance,2024-09-30,0.0
Gross sales,2024-10-01,1880.28
Refunds,2024-10-01,0.0
Net sales,2024-10-01,1880.28
Overpayments,2024-10-01,0.0
Taxes expected,2024-10-01,171.68
Taxes collected,2024-10-01,171.68
Tips,2024-10-01,23.85
Amount collected,2024-10-01,2075.81
Unpaid balance,2024-10-01,0.0
Gross sales,2024-10-02,2580.6
Refunds,2024-10-02,0.0
Net sales,2024-10-02,2580.6
Overpayments,2024-10-02,0.0
Taxes expected,2024-10-02,240.19
Taxes collected,2024-10-02,240.19
Tips,2024-10-02,59.33
Amount collected,2024-10-02,2880.12
Unpaid balance,2024-10-02,0.0
Gross sales,2024-10-03,2741.69
Refunds,2024-10-03,0.0
Net sales,2024-10-03,2741.69
Overpayments,2024-10-03,0.0
Taxes expected,2024-10-03,252.97
Taxes collected,2024-10-03,252.97
Tips,2024-10-03,32.61
Amount collected,2024-10-03,3027.27
Unpaid balance,2024-10-03,0.0
Gross sales,2024-10-04,3421.96
Refunds,2024-10-04,0.0
Net sales,2024-10-04,3421.96
Overpayments,2024-10-04,0.0
Taxes expected,2024-10-04,315.45
Taxes collected,2024-10-04,315.45
Tips,2024-10-04,71.71
Amount collected,2024-10-04,3809.12
Unpaid balance,2024-10-04,0.0
Gross sales,2024-10-05,3770.07
Refunds,2024-10-05,0.0
Net sales,2024-10-05,3770.07
Overpayments,2024-10-05,0.0
Taxes expected,2024-10-05,348.45
Taxes collected,2024-10-05,348.45
Tips,2024-10-05,57.11
Amount collected,2024-10-05,4175.63
Unpaid balance,2024-10-05,0.0
Gross sales,2024-10-06,3098.28
Refunds,2024-10-06,0.0
Net sales,2024-10-06,3098.28
Overpayments,2024-10-06,0.0
Taxes expected,2024-10-06,286.54
Taxes collected,2024-10-06,286.54
Tips,2024-10-06,64.26
Amount collected,2024-10-06,3449.08
Unpaid balance,2024-10-06,0.0
Gross sales,2024-10-07,2057.78
Refunds,2024-10-07,0.0
Net sales,2024-10-07,2057.78
Overpayments,2024-10-07,0.0
Taxes expected,2024-10-07,186.68
Taxes collected,2024-10-07,186.68
Tips,2024-10-07,47.69
Amount collected,2024-10-07,2292.15
Unpaid balance,2024-10-07,0.0
Gross sales,2024-10-08,1967.89
Refunds,2024-10-08,0.0
Net sales,2024-10-08,1967.89
Overpayments,2024-10-08,0.0
Taxes expected,2024-10-08,182.19
Taxes collected,2024-10-08,182.19
Tips,2024-10-08,31.64
Amount collected,2024-10-08,2181.72
Unpaid balance,2024-10-08,0.0
Gross sales,2024-10-09,2050.67
Refunds,2024-10-09,0.0
Net sales,2024-10-09,2050.67
Overpayments,2024-10-09,0.0
Taxes expected,2024-10-09,187.43
Taxes collected,2024-10-09,187.43
Tips,2024-10-09,25.31
Amount collected,2024-10-09,2263.41
Unpaid balance,2024-10-09,0.0
Gross sales,2024-10-10,2429.82
Refunds,2024-10-10,0.0
Net sales,2024-10-10,2429.82
Overpayments,2024-10-10,0.0
Taxes expected,2024-10-10,220.13
Taxes collected,2024-10-10,220.13
Tips,2024-10-10,32.27
Amount collected,2024-10-10,2682.22
Unpaid balance,2024-10-10,0.0
Gross sales,2024-10-11,3428.77
Refunds,2024-10-11,0.0
Net sales,2024-10-11,3428.77
Overpayments,2024-10-11,0.0
Taxes expected,2024-10-11,318.98
Taxes collected,2024-10-11,318.98
Tips,2024-10-11,69.98
Amount collected,2024-10-11,3817.73
Unpaid balance,2024-10-11,0.0
Gross sales,2024-10-12,3204.16
Refunds,2024-10-12,0.0
Net sales,2024-10-12,3204.16
Overpayments,2024-10-12,0.0
Taxes expected,2024-10-12,297.04
Taxes collected,2024-10-12,297.04
Tips,2024-10-12,65.98
Amount collected,2024-10-12,3567.18
Unpaid balance,2024-10-12,0.0
Gross sales,2024-10-13,3076.93
Refunds,2024-10-13,0.0
Net sales,2024-10-13,3076.93
Overpayments,2024-10-13,0.0
Taxes expected,2024-10-13,284.53
Taxes collected,2024-10-13,284.53
Tips,2024-10-13,44.34
Amount collected,2024-10-13,3405.8
Unpaid balance,2024-10-13,0.0
Gross sales,2024-10-14,1753.63
Refunds,2024-10-14,0.0
Net sales,2024-10-14,1753.63
Overpayments,2024-10-14,0.0
Taxes expected,2024-10-14,162.08
Taxes collected,2024-10-14,162.08
Tips,2024-10-14,43.48
Amount collected,2024-10-14,1959.19
Unpaid balance,2024-10-14,0.0
Gross sales,2024-10-15,2038.58
Refunds,2024-10-15,0.0
Net sales,2024-10-15,2038.58
Overpayments,2024-10-15,0.0
Taxes expected,2024-10-15,185.1
Taxes collected,2024-10-15,185.1
Tips,2024-10-15,32.28
Amount collected,2024-10-15,2255.96
Unpaid balance,2024-10-15,0.0
Gross sales,2024-10-16,2442.03
Refunds,2024-10-16,0.0
Net sales,2024-10-16,2442.03
Overpayments,2024-10-16,0.0
Taxes expected,2024-10-16,224.18
Taxes collected,2024-10-16,224.18
Tips,2024-10-16,64.16
Amount collected,2024-10-16,2730.37
Unpaid balance,2024-10-16,0.0
Gross sales,2024-10-17,2597.06
Refunds,2024-10-17,0.0
Net sales,2024-10-17,2597.06
Overpayments,2024-10-17,0.0
Taxes expected,2024-10-17,237.6
Taxes collected,2024-10-17,237.6
Tips,2024-10-17,42.76
Amount collected,2024-10-17,2877.42
Unpaid balance,2024-10-17,0.0
Gross sales,2024-10-18,3522.32
Refunds,2024-10-18,0.0
Net sales,2024-10-18,3522.32
Overpayments,2024-10-18,0.0
Taxes expected,2024-10-18,319.07
Taxes collected,2024-10-18,319.07
Tips,2024-10-18,46.72
Amount collected,2024-10-18,3888.11
Unpaid balance,2024-10-18,0.0
Gross sales,2024-10-19,3187.95
Refunds,2024-10-19,0.0
Net sales,2024-10-19,3187.95
Overpayments,2024-10-19,0.0
Taxes expected,2024-10-19,296.31
Taxes collected,2024-10-19,296.31
Tips,2024-10-19,82.71
Amount collected,2024-10-19,3566.97
Unpaid balance,2024-10-19,0.0
Gross sales,2024-10-20,3153.28
Refunds,2024-10-20,0.0
Net sales,2024-10-20,3153.28
Overpayments,2024-10-20,0.0
Taxes expected,2024-10-20,291.64
Taxes collected,2024-10-20,291.64
Tips,2024-10-20,55.27
Amount collected,2024-10-20,3500.19
Unpaid balance,2024-10-20,0.0
Gross sales,2024-10-21,1915.66
Refunds,2024-10-21,0.0
Net sales,2024-10-21,1915.66
Overpayments,2024-10-21,0.0
Taxes expected,2024-10-21,173.79
Taxes collected,2024-10-21,173.79
Tips,2024-10-21,33.51
Amount collected,2024-10-21,2122.96
Unpaid balance,2024-10-21,0.0
Gross sales,2024-10-22,1789.01
Refunds,2024-10-22,0.0
Net sales,2024-10-22,1789.01
Overpayments,2024-10-22,0.0
Taxes expected,2024-10-22,162.44
Taxes collected,2024-10-22,162.44
Tips,2024-10-22,20.58
Amount collected,2024-10-22,1972.03
Unpaid balance,2024-10-22,0.0
Gross sales,2024-10-23,2114.44
Refunds,2024-10-23,0.0
Net sales,2024-10-23,2114.44
Overpayments,2024-10-23,0.0
Taxes expected,2024-10-23,191.2
Taxes collected,2024-10-23,191.2
Tips,2024-10-23,26.04
Amount collected,2024-10-23,2331.68
Unpaid balance,2024-10-23,0.0
Gross sales,2024-10-24,2343.42
Refunds,2024-10-24,0.0
Net sales,2024-10-24,2343.42
Overpayments,2024-10-24,0.0
Taxes expected,2024-10-24,213.55
Taxes collected,2024-10-24,213.55
Tips,2024-10-24,36.34
Amount collected,2024-10-24,2593.31
Unpaid balance,2024-10-24,0.0
Gross sales,2024-10-25,2818.18
Refunds,2024-10-25,0.0
Net sales,2024-10-25,2818.18
Overpayments,2024-10-25,0.0
Taxes expected,2024-10-25,255.93
Taxes collected,2024-10-25,255.93
Tips,2024-10-25,59.39
Amount collected,2024-10-25,3133.5
Unpaid balance,2024-10-25,0.0
Gross sales,2024-10-26,3665.37
Refunds,2024-10-26,0.0
Net sales,2024-10-26,3665.37
Overpayments,2024-10-26,0.0
Taxes expected,2024-10-26,337.84
Taxes collected,2024-10-26,337.84
Tips,2024-10-26,78.87
Amount collected,2024-10-26,4082.08
Unpaid balance,2024-10-26,0.0
Gross sales,2024-10-27,3050.02
Refunds,2024-10-27,0.0
Net sales,2024-10-27,3050.02
Overpayments,2024-10-27,0.0
Taxes expected,2024-10-27,277.27
Taxes collected,2024-10-27,277.27
Tips,2024-10-27,73.58
Amount collected,2024-10-27,3400.87
Unpaid balance,2024-10-27,0.0
Gross sales,2024-10-28,2046.13
Refunds,2024-10-28,0.0
Net sales,2024-10-28,2046.13
Overpayments,2024-10-28,0.0
Taxes expected,2024-10-28,189.27
Taxes collected,2024-10-28,189.27
Tips,2024-10-28,42.38
Amount collected,2024-10-28,2277.78
Unpaid balance,2024-10-28,0.0
Gross sales,2024-10-29,2209.69
Refunds,2024-10-29,0.0
Net sales,2024-10-29,2209.69
Overpayments,2024-10-29,0.0
Taxes expected,2024-10-29,200.89
Taxes collected,2024-10-29,200.89
Tips,2024-10-29,41.37
Amount collected,2024-10-29,2451.95
Unpaid balance,2024-10-29,0.0
Gross sales,2024-10-30,2406.74
Refunds,2024-10-30,0.0
Net sales,2024-10-30,2406.74
Overpayments,2024-10-30,0.0
Taxes expected,2024-10-30,220.12
Taxes collected,2024-10-30,220.12
Tips,2024-10-30,36.38
Amount collected,2024-10-30,2663.24
Unpaid balance,2024-10-30,0.0
Gross sales,2024-10-31,2344.47
Refunds,2024-10-31,0.0
Net sales,2024-10-31,2344.47
Overpayments,2024-10-31,0.0
Taxes expected,2024-10-31,217.39
Taxes collected,2024-10-31,217.39
Tips,2024-10-31,35.22
Amount collected,2024-10-31,2597.08
Unpaid balance,2024-10-31,0.0
Gross sales,2024-11-01,3366.83
Refunds,2024-11-01,0.0
Net sales,2024-11-01,3366.83
Overpayments,2024-11-01,0.0
Taxes expected,2024-11-01,304.52
Taxes collected,2024-11-01,304.52
Tips,2024-11-01,61.6
Amount collected,2024-11-01,3732.95
Unpaid balance,2024-11-01,0.0
Gross sales,2024-11-02,3514.98
Refunds,2024-11-02,0.0
Net sales,2024-11-02,3514.98
Overpayments,2024-11-02,0.0
Taxes expected,2024-11-02,319.11
Taxes collected,2024-11-02,319.11
Tips,2024-11-02,73.96
Amount collected,2024-11-02,3908.05
Unpaid balance,2024-11-02,0.0
Gross sales,2024-11-03,2824.27
Refunds,2024-11-03,0.0
Net sales,2024-11-03,2824.27
Overpayments,2024-11-03,0.0
Taxes expected,2024-11-03,259.49
Taxes collected,2024-11-03,259.49
Tips,2024-11-03,56.06
Amount collected,2024-11-03,3139.82
Unpaid balance,2024-11-03,0.0
Gross sales,2024-11-04,1750.48
Refunds,2024-11-04,0.0
Net sales,2024-11-04,1750.48
Overpayments,2024-11-04,0.0
Taxes expected,2024-11-04,158.42
Taxes collected,2024-11-04,158.42
Tips,2024-11-04,33.02
Amount collected,2024-11-04,1941.92
Unpaid balance,2024-11-04,0.0
Gross sales,2024-11-05,0.0
Refunds,2024-11-05,0.0
Net sales,2024-11-05,0.0
Overpayments,2024-11-05,0.0
Taxes expected,2024-11-05,0.0
Taxes collected,2024-11-05,0.0
Tips,2024-11-05,0.0
Amount collected,2024-11-05,0.0
Unpaid balance,2024-11-05,0.0
Gross sales,2024-11-06,2481.19
Refunds,2024-11-06,0.0
Net sales,2024-11-06,2481.19
Overpayments,2024-11-06,0.0
Taxes expected,2024-11-06,225.83
Taxes collected,2024-11-06,225.83
Tips,2024-11-06,30.48
Amount collected,2024-11-06,2737.5
Unpaid balance,2024-11-06,0.0
Gross sales,2024-11-07,2741.34
Refunds,2024-11-07,0.0
Net sales,2024-11-07,2741.34
Overpayments,2024-11-07,0.0
Taxes expected,2024-11-07,252.83
Taxes collected,2024-11-07,252.83
Tips,2024-11-07,37.63
Amount collected,2024-11-07,3031.8
Unpaid balance,2024-11-07,0.0
Gross sales,2024-11-08,2917.66
Refunds,2024-11-08,0.0
Net sales,2024-11-08,2917.66
Overpayments,2024-11-08,0.0
Taxes expected,2024-11-08,268.03
Taxes collected,2024-11-08,268.03
Tips,2024-11-08,43.15
Amount collected,2024-11-08,3228.84
Unpaid balance,2024-11-08,0.0
Gross sales,2024-11-09,3651.06
Refunds,2024-11-09,0.0
Net sales,2024-11-09,3651.06
Overpayments,2024-11-09,0.0
Taxes expected,2024-11-09,335.84
Taxes collected,2024-11-09,335.84
Tips,2024-11-09,48.66
Amount collected,2024-11-09,4024.41
Unpaid balance,2024-11-09,11.15
Gross sales,2024-11-10,3137.2
Refunds,2024-11-10,0.0
Net sales,2024-11-10,3137.2
Overpayments,2024-11-10,0.0
Taxes expected,2024-11-10,285.89
Taxes collected,2024-11-10,285.89
Tips,2024-11-10,83.7
Amount collected,2024-11-10,3506.79
Unpaid balance,2024-11-10,0.0
Gross sales,2024-11-11,1922.4
Refunds,2024-11-11,0.0
Net sales,2024-11-11,1922.4
Overpayments,2024-11-11,0.0
Taxes expected,2024-11-11,174.0
Taxes collected,2024-11-11,174.0
Tips,2024-11-11,31.23
Amount collected,2024-11-11,2127.63
Unpaid balance,2024-11-11,0.0
Gross sales,2024-11-12,1848.64
Refunds,2024-11-12,0.0
Net sales,2024-11-12,1848.64
Overpayments,2024-11-12,0.0
Taxes expected,2024-11-12,169.27
Taxes collected,2024-11-12,168.77
Tips,2024-11-12,37.84
Amount collected,2024-11-12,2055.25
Unpaid balance,2024-11-12,0.0
Gross sales,2024-11-13,2215.97
Refunds,2024-11-13,0.0
Net sales,2024-11-13,2215.97
Overpayments,2024-11-13,0.0
Taxes expected,2024-11-13,205.26
Taxes collected,2024-11-13,205.26
Tips,2024-11-13,35.62
Amount collected,2024-11-13,2456.85
Unpaid balance,2024-11-13,0.0
Gross sales,2024-11-14,2493.4
Refunds,2024-11-14,0.0
Net sales,2024-11-14,2493.4
Overpayments,2024-11-14,1.41
Taxes expected,2024-11-14,226.33
Taxes collected,2024-11-14,226.33
Tips,2024-11-14,58.55
Amount collected,2024-11-14,2779.69
Unpaid balance,2024-11-14,0.0
Gross sales,2024-11-15,3227.66
Refunds,2024-11-15,0.0
Net sales,2024-11-15,3227.66
Overpayments,2024-11-15,0.0
Taxes expected,2024-11-15,297.7
Taxes collected,2024-11-15,297.7
Tips,2024-11-15,35.94
Amount collected,2024-11-15,3561.3
Unpaid balance,2024-11-15,0.0
Gross sales,2024-11-16,3311.61
Refunds,2024-11-16,0.0
Net sales,2024-11-16,3311.61
Overpayments,2024-11-16,0.0
Taxes expected,2024-11-16,299.9
Taxes collected,2024-11-16,299.9
Tips,2024-11-16,60.23
Amount collected,2024-11-16,3671.74
Unpaid balance,2024-11-16,0.0
Gross sales,2024-11-17,3204.14
Refunds,2024-11-17,0.0
Net sales,2024-11-17,3204.14
Overpayments,2024-11-17,0.0
Taxes expected,2024-11-17,289.98
Taxes collected,2024-11-17,289.98
Tips,2024-11-17,40.02
Amount collected,2024-11-17,3534.14
Unpaid balance,2024-11-17,0.0
Gross sales,2024-11-18,1733.55
Refunds,2024-11-18,0.0
Net sales,2024-11-18,1733.55
Overpayments,2024-11-18,0.0
Taxes expected,2024-11-18,159.69
Taxes collected,2024-11-18,159.69
Tips,2024-11-18,20.56
Amount collected,2024-11-18,1913.8
Unpaid balance,2024-11-18,0.0
Gross sales,2024-11-19,2124.87
Refunds,2024-11-19,0.0
Net sales,2024-11-19,2124.87
Overpayments,2024-11-19,0.0
Taxes expected,2024-11-19,192.53
Taxes collected,2024-11-19,192.53
Tips,2024-11-19,51.28
Amount collected,2024-11-19,2368.68
Unpaid balance,2024-11-19,0.0
Gross sales,2024-11-20,2256.63
Refunds,2024-11-20,0.0
Net sales,2024-11-20,2256.63
Overpayments,2024-11-20,0.0
Taxes expected,2024-11-20,204.75
Taxes collected,2024-11-20,204.75
Tips,2024-11-20,37.05
Amount collected,2024-11-20,2498.43
Unpaid balance,2024-11-20,0.0
Gross sales,2024-11-21,2553.52
Refunds,2024-11-21,0.0
Net sales,2024-11-21,2553.52
Overpayments,2024-11-21,0.0
Taxes expected,2024-11-21,234.1
Taxes collected,2024-11-21,234.1
Tips,2024-11-21,39.42
Amount collected,2024-11-21,2827.04
Unpaid balance,2024-11-21,0.0
Gross sales,2024-11-22,2826.09
Refunds,2024-11-22,0.0
Net sales,2024-11-22,2826.09
Overpayments,2024-11-22,0.0
Taxes expected,2024-11-22,263.0
Taxes collected,2024-11-22,263.0
Tips,2024-11-22,38.93
Amount collected,2024-11-22,3128.02
Unpaid balance,2024-11-22,0.0
Gross sales,2024-11-23,3588.59
Refunds,2024-11-23,0.0
Net sales,2024-11-23,3588.59
Overpayments,2024-11-23,0.0
Taxes expected,2024-11-23,329.89
Taxes collected,2024-11-23,329.89
Tips,2024-11-23,85.25
Amount collected,2024-11-23,4003.73
Unpaid balance,2024-11-23,0.0
Gross sales,2024-11-24,2832.43
Refunds,2024-11-24,0.0
Net sales,2024-11-24,2832.43
Overpayments,2024-11-24,0.0
Taxes expected,2024-11-24,257.27
Taxes collected,2024-11-24,257.27
Tips,2024-11-24,40.45
Amount collected,2024-11-24,3130.15
Unpaid balance,2024-11-24,0.0
Gross sales,2024-11-25,1815.41
Refunds,2024-11-25,0.0
Net sales,2024-11-25,1815.41
Overpayments,2024-11-25,0.0
Taxes expected,2024-11-25,165.36
Taxes collected,2024-11-25,165.36
Tips,2024-11-25,21.51
Amount collected,2024-11-25,2002.28
Unpaid balance,2024-11-25,0.0
Gross sales,2024-11-26,2079.9
Refunds,2024-11-26,0.0
Net sales,2024-11-26,2079.9
Overpayments,2024-11-26,0.0
Taxes expected,2024-11-26,193.01
Taxes collected,2024-11-26,193.01
Tips,2024-11-26,39.42
Amount collected,2024-11-26,2312.33
Unpaid balance,2024-11-26,0.0
Gross sales,2024-11-27,2246.52
Refunds,2024-11-27,0.0
Net sales,2024-11-27,2246.52
Overpayments,2024-11-27,0.0
Taxes expected,2024-11-27,205.33
Taxes collected,2024-11-27,205.33
Tips,2024-11-27,56.81
Amount collected,2024-11-27,2508.66
Unpaid balance,2024-11-27,0.0
Gross sales,2024-11-28,0.0
Refunds,2024-11-28,0.0
Net sales,2024-11-28,0.0
Overpayments,2024-11-28,0.0
Taxes expected,2024-11-28,0.0
Taxes collected,2024-11-28,0.0
Tips,2024-11-28,0.0
Amount collected,2024-11-28,0.0
Unpaid balance,2024-11-28,0.0
Gross sales,2024-11-29,3027.75
Refunds,2024-11-29,0.0
Net sales,2024-11-29,3027.75
Overpayments,2024-11-29,0.0
Taxes expected,2024-11-29,275.11
Taxes collected,2024-11-29,275.11
Tips,2024-11-29,37.78
Amount collected,2024-11-29,3340.64
Unpaid balance,2024-11-29,0.0
Gross sales,2024-11-30,3413.74
Refunds,2024-11-30,0.0
Net sales,2024-11-30,3413.74
Overpayments,2024-11-30,0.0
Taxes expected,2024-11-30,309.36
Taxes collected,2024-11-30,309.36
Tips,2024-11-30,35.75
Amount collected,2024-11-30,3758.85
Unpaid balance,2024-11-30,0.0
Gross sales,2024-12-01,3558.78
Refunds,2024-12-01,0.0
Net sales,2024-12-01,3558.78
Overpayments,2024-12-01,0.0
Taxes expected,2024-12-01,331.14
Taxes collected,2024-12-01,331.14
Tips,2024-12-01,84.41
Amount collected,2024-12-01,3974.33
Unpaid balance,2024-12-01,0.0
Gross sales,2024-12-02,2222.35
Refunds,2024-12-02,0.0
Net sales,2024-12-02,2222.35
Overpayments,2024-12-02,0.0
Taxes expected,2024-12-02,202.32
Taxes collected,2024-12-02,202.32
Tips,2024-12-02,24.43
Amount collected,2024-12-02,2449.1
Unpaid balance,2024-12-02,0.0
Gross sales,2024-12-03,0.0
Refunds,2024-12-03,0.0
Net sales,2024-12-03,0.0
Overpayments,2024-12-03,0.0
Taxes expected,2024-12-03,0.0
Taxes collected,2024-12-03,0.0
Tips,2024-12-03,0.0
Amount collected,2024-12-03,0.0
Unpaid balance,2024-12-03,0.0
Gross sales,2024-12-04,2203.91
Refunds,2024-12-04,0.0
Net sales,2024-12-04,2203.91
Overpayments,2024-12-04,0.0
Taxes expected,2024-12-04,199.6
Taxes collected,2024-12-04,199.6
Tips,2024-12-04,21.98
Amount collected,2024-12-04,2425.49
Unpaid balance,2024-12-04,0.0
Gross sales,2024-12-05,2472.48
Refunds,2024-12-05,0.0
Net sales,2024-12-05,2472.48
Overpayments,2024-12-05,0.0
Taxes expected,2024-12-05,229.22
Taxes collected,2024-12-05,229.22
Tips,2024-12-05,35.88
Amount collected,2024-12-05,2737.58
Unpaid balance,2024-12-05,0.0
Gross sales,2024-12-06,3111.21
Refunds,2024-12-06,0.0
Net sales,2024-12-06,3111.21
Overpayments,2024-12-06,0.0
Taxes expected,2024-12-06,287.77
Taxes collected,2024-12-06,287.77
Tips,2024-12-06,34.24
Amount collected,2024-12-06,3433.22
Unpaid balance,2024-12-06,0.0
Gross sales,2024-12-07,3140.97
Refunds,2024-12-07,0.0
Net sales,2024-12-07,3140.97
Overpayments,2024-12-07,0.0
Taxes expected,2024-12-07,292.12
Taxes collected,2024-12-07,292.12
Tips,2024-12-07,77.29
Amount collected,2024-12-07,3510.38
Unpaid balance,2024-12-07,0.0
Gross sales,2024-12-08,3570.59
Refunds,2024-12-08,0.0
Net sales,2024-12-08,3570.59
Overpayments,2024-12-08,0.0
Taxes expected,2024-12-08,328.52
Taxes collected,2024-12-08,328.52
Tips,2024-12-08,61.46
Amount collected,2024-12-08,3960.57
Unpaid balance,2024-12-08,0.0
Gross sales,2024-12-09,2183.48
Refunds,2024-12-09,0.0
Net sales,2024-12-09,2183.48
Overpayments,2024-12-09,0.0
Taxes expected,2024-12-09,199.33
Taxes collected,2024-12-09,199.33
Tips,2024-12-09,42.28
Amount collected,2024-12-09,2425.09
Unpaid balance,2024-12-09,0.0
Gross sales,2024-12-10,1898.56
Refunds,2024-12-10,0.0
Net sales,2024-12-10,1898.56
Overpayments,2024-12-10,0.0
Taxes expected,2024-12-10,176.7
Taxes collected,2024-12-10,176.7
Tips,2024-12-10,29.29
Amount collected,2024-12-10,2104.55
Unpaid balance,2024-12-10,0.0
Gross sales,2024-12-11,2760.7
Refunds,2024-12-11,0.0
Net sales,2024-12-11,2760.7
Overpayments,2024-12-11,0.0
Taxes expected,2024-12-11,256.98
Taxes collected,2024-12-11,256.98
Tips,2024-12-11,73.55
Amount collected,2024-12-11,3091.23
Unpaid balance,2024-12-11,0.0
Gross sales,2024-12-12,2410.91
Refunds,2024-12-12,0.0
Net sales,2024-12-12,2410.91
Overpayments,2024-12-12,0.0
Taxes expected,2024-12-12,224.11
Taxes collected,2024-12-12,224.11
Tips,2024-12-12,59.9
Amount collected,2024-12-12,2694.92
Unpaid balance,2024-12-12,0.0
Gross sales,2024-12-13,2840.66
Refunds,2024-12-13,0.0
Net sales,2024-12-13,2840.66
Overpayments,2024-12-13,0.0
Taxes expected,2024-12-13,264.4
Taxes collected,2024-12-13,264.4
Tips,2024-12-13,73.16
Amount collected,2024-12-13,3178.22
Unpaid balance,2024-12-13,0.0
Gross sales,2024-12-14,3811.75
Refunds,2024-12-14,0.0
Net sales,2024-12-14,3811.75
Overpayments,2024-12-14,0.0
Taxes expected,2024-12-14,348.42
Taxes collected,2024-12-14,348.42
Tips,2024-12-14,87.06
Amount collected,2024-12-14,4247.23
Unpaid balance,2024-12-14,0.0
Gross sales,2024-12-15,3575.44
Refunds,2024-12-15,0.0
Net sales,2024-12-15,3575.44
Overpayments,2024-12-15,0.0
Taxes expected,2024-12-15,330.16
Taxes collected,2024-12-15,330.16
Tips,2024-12-15,89.57
Amount collected,2024-12-15,3995.17
Unpaid balance,2024-12-15,0.0
Gross sales,2024-12-16,1813.43
Refunds,2024-12-16,0.0
Net sales,2024-12-16,1813.43
Overpayments,2024-12-16,0.0
Taxes expected,2024-12-16,166.22
Taxes collected,2024-12-16,166.22
Tips,2024-12-16,25.96
Amount collected,2024-12-16,2005.61
Unpaid balance,2024-12-16,0.0
Gross sales,2024-12-17,2032.72
Refunds,2024-12-17,0.0
Net sales,2024-12-17,2032.72
Overpayments,2024-12-17,0.0
Taxes expected,2024-12-17,183.7
Taxes collected,2024-12-17,183.7
Tips,2024-12-17,42.1
Amount collected,2024-12-17,2258.52
Unpaid balance,2024-12-17,0.0
Gross sales,2024-12-18,2683.27
Refunds,2024-12-18,0.0
Net sales,2024-12-18,2683.27
Overpayments,2024-12-18,0.0
Taxes expected,2024-12-18,246.81
Taxes collected,2024-12-18,246.81
Tips,2024-12-18,62.11
Amount collected,2024-12-18,2992.19
Unpaid balance,2024-12-18,0.0
Gross sales,2024-12-19,2815.85
Refunds,2024-12-19,0.0
Net sales,2024-12-19,2815.85
Overpayments,2024-12-19,0.0
Taxes expected,2024-12-19,255.02
Taxes collected,2024-12-19,255.02
Tips,2024-12-19,41.61
Amount collected,2024-12-19,3112.48
Unpaid balance,2024-12-19,0.0
Gross sales,2024-12-20,2992.2
Refunds,2024-12-20,0.0
Net sales,2024-12-20,2992.2
Overpayments,2024-12-20,0.0
Taxes expected,2024-12-20,275.59
Taxes collected,2024-12-20,275.59
Tips,2024-12-20,29.03
Amount collected,2024-12-20,3296.82
Unpaid balance,2024-12-20,0.0
Gross sales,2024-12-21,3159.16
Refunds,2024-12-21,0.0
Net sales,2024-12-21,3159.16
Overpayments,2024-12-21,0.0
Taxes expected,2024-12-21,289.64
Taxes collected,2024-12-21,289.64
Tips,2024-12-21,65.67
Amount collected,2024-12-21,3514.47
Unpaid balance,2024-12-21,0.0
Gross sales,2024-12-22,3412.76
Refunds,2024-12-22,0.0
Net sales,2024-12-22,3412.76
Overpayments,2024-12-22,0.0
Taxes expected,2024-12-22,313.49
Taxes collected,2024-12-22,313.49
Tips,2024-12-22,73.47
Amount collected,2024-12-22,3799.72
Unpaid balance,2024-12-22,0.0
Gross sales,2024-12-23,1894.16
Refunds,2024-12-23,0.0
Net sales,2024-12-23,1894.16
Overpayments,2024-12-23,0.0
Taxes expected,2024-12-23,176.28
Taxes collected,2024-12-23,176.28
Tips,2024-12-23,20.22
Amount collected,2024-12-23,2090.66
Unpaid balance,2024-12-23,0.0
Gross sales,2024-12-24,2095.07
Refunds,2024-12-24,0.0
Net sales,2024-12-24,2095.07
Overpayments,2024-12-24,0.0
Taxes expected,2024-12-24,193.19
Taxes collected,2024-12-24,193.19
Tips,2024-12-24,40.5
Amount collected,2024-12-24,2328.76
Unpaid balance,2024-12-24,0.0
Gross sales,2024-12-25,0.0
Refunds,2024-12-25,0.0
Net sales,2024-12-25,0.0
Overpayments,2024-12-25,0.0
Taxes expected,2024-12-25,0.0
Taxes collected,2024-12-25,0.0
Tips,2024-12-25,0.0
Amount collected,2024-12-25,0.0
Unpaid balance,2024-12-25,0.0
Gross sales,2024-12-26,2839.75
Refunds,2024-12-26,0.0
Net sales,2024-12-26,2839.75
Overpayments,2024-12-26,0.0
Taxes expected,2024-12-26,260.67
Taxes collected,2024-12-26,260.67
Tips,2024-12-26,49.27
Amount collected,2024-12-26,3149.69
Unpaid balance,2024-12-26,0.0
Gross sales,2024-12-27,3620.06
Refunds,2024-12-27,0.0
Net sales,2024-12-27,3620.06
Overpayments,2024-12-27,0.0
Taxes expected,2024-12-27,328.97
Taxes collected,2024-12-27,328.97
Tips,2024-12-27,92.92
Amount collected,2024-12-27,4041.95
Unpaid balance,2024-12-27,0.0
Gross sales,2024-12-28,3388.87
Refunds,2024-12-28,0.0
Net sales,2024-12-28,3388.87
Overpayments,2024-12-28,0.0
Taxes expected,2024-12-28,307.43
Taxes collected,2024-12-28,307.43
Tips,2024-12-28,69.89
Amount collected,2024-12-28,3766.19
Unpaid balance,2024-12-28,0.0
Gross sales,2024-12-29,3309.92
Refunds,2024-12-29,0.0
Net sales,2024-12-29,3309.92
Overpayments,2024-12-29,0.0
Taxes expected,2024-12-29,303.53
Taxes collected,2024-12-29,303.53
Tips,2024-12-29,45.87
Amount collected,2024-12-29,3659.32
Unpaid balance,2024-12-29,0.0
Gross sales,2024-12-30,2296.05
Refunds,2024-12-30,0.0
Net sales,2024-12-30,2296.05
Overpayments,2024-12-30,0.0
Taxes expected,2024-12-30,210.67
Taxes collected,2024-12-30,210.67
Tips,2024-12-30,44.9
Amount collected,2024-12-30,2551.62
Unpaid balance,2024-12-30,0.0
Gross sales,2024-12-31,0.0
Refunds,2024-12-31,0.0
Net sales,2024-12-31,0.0
Overpayments,2024-12-31,0.0
Taxes expected,2024-12-31,0.0
Taxes collected,2024-12-31,0.0
Tips,2024-12-31,0.0
Amount collected,2024-12-31,0.0
Unpaid balance,2024-12-31,0.0
Gross sales,2025-01-01,0.0
Refunds,2025-01-01,0.0
Net sales,2025-01-01,0.0
Overpayments,2025-01-01,0.0
Taxes expected,2025-01-01,0.0
Taxes collected,2025-01-01,0.0
Tips,2025-01-01,0.0
Amount collected,2025-01-01,0.0
Unpaid balance,2025-01-01,0.0
Gross sales,2025-01-02,2306.02
Refunds,2025-01-02,0.0
Net sales,2025-01-02,2306.02
Overpayments,2025-01-02,0.0
Taxes expected,2025-01-02,214.05
Taxes collected,2025-01-02,214.05
Tips,2025-01-02,31.27
Amount collected,2025-01-02,2551.34
Unpaid balance,2025-01-02,0.0
Gross sales,2025-01-03,2776.78
Refunds,2025-01-03,0.0
Net sales,2025-01-03,2776.78
Overpayments,2025-01-03,0.0
Taxes expected,2025-01-03,256.31
Taxes collected,2025-01-03,256.31
Tips,2025-01-03,48.09
Amount collected,2025-01-03,3081.18
Unpaid balance,2025-01-03,0.0
Gross sales,2025-01-04,3162.43
Refunds,2025-01-04,0.0
Net sales,2025-01-04,3162.43
Overpayments,2025-01-04,0.0
Taxes expected,2025-01-04,288.99
Taxes collected,2025-01-04,288.99
Tips,2025-01-04,34.42
Amount collected,2025-01-04,3485.84
Unpaid balance,2025-01-04,0.0
Gross sales,2025-01-05,2793.75
Refunds,2025-01-05,0.0
Net sales,2025-01-05,2793.75
Overpayments,2025-01-05,0.0
Taxes expected,2025-01-05,259.72
Taxes collected,2025-01-05,259.72
Tips,2025-01-05,42.77
Amount collected,2025-01-05,3096.24
Unpaid balance,2025-01-05,0.0
Gross sales,2025-01-06,1932.05
Refunds,2025-01-06,0.0
Net sales,2025-01-06,1932.05
Overpayments,2025-01-06,0.0
Taxes expected,2025-01-06,175.64
Taxes collected,2025-01-06,175.64
Tips,2025-01-06,28.63
Amount collected,2025-01-06,2136.32
Unpaid balance,2025-01-06,0.0
Gross sales,2025-01-07,1773.61
Refunds,2025-01-07,0.0
Net sales,2025-01-07,1773.61
Overpayments,2025-01-07,0.0
Taxes expected,2025-01-07,164.4
Taxes collected,2025-01-07,164.4
Tips,2025-01-07,22.93
Amount collected,2025-01-07,1960.94
Unpaid balance,2025-01-07,0.0
Gross sales,2025-01-08,2234.0
Refunds,2025-01-08,0.0
Net sales,2025-01-08,2234.0
Overpayments,2025-01-08,0.0
Taxes expected,2025-01-08,203.23
Taxes collected,2025-01-08,203.23
Tips,2025-01-08,30.17
Amount collected,2025-01-08,2467.4
Unpaid balance,2025-01-08,0.0
Gross sales,2025-01-09,2261.17
Refunds,2025-01-09,0.0
Net sales,2025-01-09,2261.17
Overpayments,2025-01-09,0.0
Taxes expected,2025-01-09,207.72
Taxes collected,2025-01-09,207.72
Tips,2025-01-09,31.51
Amount collected,2025-01-09,2500.4
Unpaid balance,2025-01-09,0.0
Gross sales,2025-01-10,2828.25
Refunds,2025-01-10,0.0
Net sales,2025-01-10,2828.25
Overpayments,2025-01-10,0.0
Taxes expected,2025-01-10,256.51
Taxes collected,2025-01-10,256.51
Tips,2025-01-10,68.17
Amount collected,2025-01-10,3152.93
Unpaid balance,2025-01-10,0.0
Gross sales,2025-01-11,3302.81
Refunds,2025-01-11,0.0
Net sales,2025-01-11,3302.81
Overpayments,2025-01-11,0.0
Taxes expected,2025-01-11,302.63
Taxes collected,2025-01-11,302.63
Tips,2025-01-11,73.27
Amount collected,2025-01-11,3678.71
Unpaid balance,2025-01-11,0.0
Gross sales,2025-01-12,2613.37
Refunds,2025-01-12,0.0
Net sales,2025-01-12,2613.37
Overpayments,2025-01-12,0.0
Taxes expected,2025-01-12,241.05
Taxes collected,2025-01-12,241.05
Tips,2025-01-12,29.39
Amount collected,2025-01-12,2883.81
Unpaid balance,2025-01-12,0.0
Gross sales,2025-01-13,1957.35
Refunds,2025-01-13,0.0
Net sales,2025-01-13,1957.35
Overpayments,2025-01-13,0.0
Taxes expected,2025-01-13,178.24
Taxes collected,2025-01-13,178.24
Tips,2025-01-13,39.75
Amount collected,2025-01-13,2175.34
Unpaid balance,2025-01-13,0.0
Gross sales,2025-01-14,1757.24
Refunds,2025-01-14,0.0
Net sales,2025-01-14,1757.24
Overpayments,2025-01-14,0.0
Taxes expected,2025-01-14,159.28
Taxes collected,2025-01-14,159.28
Tips,2025-01-14,37.28
Amount collected,2025-01-14,1953.8
Unpaid balance,2025-01-14,0.0
Gross sales,2025-01-15,2374.59
Refunds,2025-01-15,0.0
Net sales,2025-01-15,2374.59
Overpayments,2025-01-15,0.0
Taxes expected,2025-01-15,218.34
Taxes collected,2025-01-15,218.34
Tips,2025-01-15,27.36
Amount collected,2025-01-15,2620.29
Unpaid balance,2025-01-15,0.0
Gross sales,2025-01-16,2067.38
Refunds,2025-01-16,0.0
Net sales,2025-01-16,2067.38
Overpayments,2025-01-16,0.0
Taxes expected,2025-01-16,192.41
Taxes collected,2025-01-16,192.22
Tips,2025-01-16,34.16
Amount collected,2025-01-16,2293.76
Unpaid balance,2025-01-16,0.0
Gross sales,2025-01-17,2933.15
Refunds,2025-01-17,0.0
Net sales,2025-01-17,2933.15
Overpayments,2025-01-17,0.0
Taxes expected,2025-01-17,271.64
Taxes collected,2025-01-17,271.64
Tips,2025-01-17,56.58
Amount collected,2025-01-17,3248.18
Unpaid balance,2025-01-17,13.19
Gross sales,2025-01-18,2961.35
Refunds,2025-01-18,0.0
Net sales,2025-01-18,2961.35
Overpayments,2025-01-18,0.0
Taxes expected,2025-01-18,269.81
Taxes collected,2025-01-18,268.72
Tips,2025-01-18,67.18
Amount collected,2025-01-18,3297.25
Unpaid balance,2025-01-18,0.0
Gross sales,2025-01-19,2940.09
Refunds,2025-01-19,0.0
Net sales,2025-01-19,2940.09
Overpayments,2025-01-19,0.0
Taxes expected,2025-01-19,272.15
Taxes collected,2025-01-19,271.53
Tips,2025-01-19,41.99
Amount collected,2025-01-19,3253.61
Unpaid balance,2025-01-19,0.0
Gross sales,2025-01-20,1823.63
Refunds,2025-01-20,0.0
Net sales,2025-01-20,1823.63
Overpayments,2025-01-20,0.0
Taxes expected,2025-01-20,165.92
Taxes collected,2025-01-20,165.92
Tips,2025-01-20,48.67
Amount collected,2025-01-20,2038.22
Unpaid balance,2025-01-20,0.0
Gross sales,2025-01-21,1925.56
Refunds,2025-01-21,0.0
Net sales,2025-01-21,1925.56
Overpayments,2025-01-21,0.0
Taxes expected,2025-01-21,177.78
Taxes collected,2025-01-21,177.78
Tips,2025-01-21,42.79
Amount collected,2025-01-21,2146.13
Unpaid balance,2025-01-21,0.0
Gross sales,2025-01-22,2230.15
Refunds,2025-01-22,0.0
Net sales,2025-01-22,2230.15
Overpayments,2025-01-22,0.0
Taxes expected,2025-01-22,206.85
Taxes collected,2025-01-22,206.85
Tips,2025-01-22,54.34
Amount collected,2025-01-22,2491.34
Unpaid balance,2025-01-22,0.0
Gross sales,2025-01-23,2061.57
Refunds,2025-01-23,0.0
Net sales,2025-01-23,2061.57
Overpayments,2025-01-23,0.0
Taxes expected,2025-01-23,188.64
Taxes collected,2025-01-23,188.64
Tips,2025-01-23,50.32
Amount collected,2025-01-23,2300.53
Unpaid balance,2025-01-23,0.0
Gross sales,2025-01-24,2560.24
Refunds,2025-01-24,0.0
Net sales,2025-01-24,2560.24
Overpayments,2025-01-24,0.0
Taxes expected,2025-01-24,237.7
Taxes collected,2025-01-24,237.7
Tips,2025-01-24,64.07
Amount collected,2025-01-24,2862.01
Unpaid balance,2025-01-24,0.0
Gross sales,2025-01-25,3157.33
Refunds,2025-01-25,0.0
Net sales,2025-01-25,3157.33
Overpayments,2025-01-25,0.0
Taxes expected,2025-01-25,289.88
Taxes collected,2025-01-25,289.88
Tips,2025-01-25,82.54
Amount collected,2025-01-25,3529.75
Unpaid balance,2025-01-25,0.0
Gross sales,2025-01-26,2421.66
Refunds,2025-01-26,0.0
Net sales,2025-01-26,2421.66
Overpayments,2025-01-26,0.0
Taxes expected,2025-01-26,222.93
Taxes collected,2025-01-26,222.93
Tips,2025-01-26,57.56
Amount collected,2025-01-26,2702.15
Unpaid balance,2025-01-26,0.0
Gross sales,2025-01-27,1665.78
Refunds,2025-01-27,0.0
Net sales,2025-01-27,1665.78
Overpayments,2025-01-27,0.0
Taxes expected,2025-01-27,152.64
Taxes collected,2025-01-27,152.64
Tips,2025-01-27,43.09
Amount collected,2025-01-27,1861.51
Unpaid balance,2025-01-27,0.0
Gross sales,2025-01-28,2066.33
Refunds,2025-01-28,0.0
Net sales,2025-01-28,2066.33
Overpayments,2025-01-28,0.0
Taxes expected,2025-01-28,192.08
Taxes collected,2025-01-28,192.08
Tips,2025-01-28,29.18
Amount collected,2025-01-28,2287.59
Unpaid balance,2025-01-28,0.0
Gross sales,2025-01-29,2310.32
Refunds,2025-01-29,0.0
Net sales,2025-01-29,2310.32
Overpayments,2025-01-29,0.0
Taxes expected,2025-01-29,209.08
Taxes collected,2025-01-29,209.08
Tips,2025-01-29,50.86
Amount collected,2025-01-29,2570.26
Unpaid balance,2025-01-29,0.0
Gross sales,2025-01-30,2274.9
Refunds,2025-01-30,0.0
Net sales,2025-01-30,2274.9
Overpayments,2025-01-30,0.0
Taxes expected,2025-01-30,208.96
Taxes collected,2025-01-30,208.96
Tips,2025-01-30,45.29
Amount collected,2025-01-30,2529.15
Unpaid balance,2025-01-30,0.0
Gross sales,2025-01-31,2666.94
Refunds,2025-01-31,0.0
Net sales,2025-01-31,2666.94
Overpayments,2025-01-31,0.0
Taxes expected,2025-01-31,242.36
Taxes collected,2025-01-31,242.36
Tips,2025-01-31,33.88
Amount collected,2025-01-31,2943.18
Unpaid balance,2025-01-31,0.0
Gross sales,2025-02-01,2946.59
Refunds,2025-02-01,0.0
Net sales,2025-02-01,2946.59
Overpayments,2025-02-01,0.0
Taxes expected,2025-02-01,269.03
Taxes collected,2025-02-01,269.03
Tips,2025-02-01,38.21
Amount collected,2025-02-01,3253.83
Unpaid balance,2025-02-01,0.0
Gross sales,2025-02-02,2872.34
Refunds,2025-02-02,0.0
Net sales,2025-02-02,2872.34
Overpayments,2025-02-02,0.0
Taxes expected,2025-02-02,263.68
Taxes collected,2025-02-02,263.68
Tips,2025-02-02,71.03
Amount collected,2025-02-02,3207.05
Unpaid balance,2025-02-02,0.0
Gross sales,2025-02-03,1835.37
Refunds,2025-02-03,0.0
Net sales,2025-02-03,1835.37
Overpayments,2025-02-03,0.0
Taxes expected,2025-02-03,166.91
Taxes collected,2025-02-03,166.91
Tips,2025-02-03,44.33
Amount collected,2025-02-03,2046.61
Unpaid balance,2025-02-03,0.0
Gross sales,2025-02-04,1859.02
Refunds,2025-02-04,0.0
Net sales,2025-02-04,1859.02
Overpayments,2025-02-04,0.0
Taxes expected,2025-02-04,168.53
Taxes collected,2025-02-04,168.53
Tips,2025-02-04,21.07
Amount collected,2025-02-04,2048.62
Unpaid balance,2025-02-04,0.0
Gross sales,2025-02-05,2125.98
Refunds,2025-02-05,0.0
Net sales,2025-02-05,2125.98
Overpayments,2025-02-05,0.0
Taxes expected,2025-02-05,197.72
Taxes collected,2025-02-05,197.72
Tips,2025-02-05,28.45
Amount collected,2025-02-05,2352.15
Unpaid balance,2025-02-05,0.0
Gross sales,2025-02-06,2414.24
Refunds,2025-02-06,0.0
Net sales,2025-02-06,2414.24
Overpayments,2025-02-06,0.0
Taxes expected,2025-02-06,221.16
Taxes collected,2025-02-06,221.16
Tips,2025-02-06,44.0
Amount collected,2025-02-06,2679.4
Unpaid balance,2025-02-06,0.0
Gross sales,2025-02-07,3099.8
Refunds,2025-02-07,0.0
Net sales,2025-02-07,3099.8
Overpayments,2025-02-07,0.0
Taxes expected,2025-02-07,288.24
Taxes collected,2025-02-07,288.24
Tips,2025-02-07,29.47
Amount collected,2025-02-07,3417.51
Unpaid balance,2025-02-07,0.0
Gross sales,2025-02-08,3379.2
Refunds,2025-02-08,0.0
Net sales,2025-02-08,3379.2
Overpayments,2025-02-08,0.0
Taxes expected,2025-02-08,310.48
Taxes collected,2025-02-08,310.48
Tips,2025-02-08,42.12
Amount collected,2025-02-08,3731.8
Unpaid balance,2025-02-08,0.0
Gross sales,2025-02-09,2518.81
Refunds,2025-02-09,0.0
Net sales,2025-02-09,2518.81
Overpayments,2025-02-09,0.0
Taxes expected,2025-02-09,230.0
Taxes collected,2025-02-09,230.0
Tips,2025-02-09,62.18
Amount collected,2025-02-09,2810.99
Unpaid balance,2025-02-09,0.0
Gross sales,2025-02-10,1832.62
Refunds,2025-02-10,0.0
Net sales,2025-02-10,1832.62
Overpayments,2025-02-10,0.0
Taxes expected,2025-02-10,165.61
Taxes collected,2025-02-10,165.61
Tips,2025-02-10,25.2
Amount collected,2025-02-10,2023.43
Unpaid balance,2025-02-10,0.0
Gross sales,2025-02-11,1851.21
Refunds,2025-02-11,0.0
Net sales,2025-02-11,1851.21
Overpayments,2025-02-11,0.0
Taxes expected,2025-02-11,168.03
Taxes collected,2025-02-11,168.03
Tips,2025-02-11,25.71
Amount collected,2025-02-11,2044.95
Unpaid balance,2025-02-11,0.0
Gross sales,2025-02-12,2102.43
Refunds,2025-02-12,0.0
Net sales,2025-02-12,2102.43
Overpayments,2025-02-12,0.0
Taxes expected,2025-02-12,192.87
Taxes collected,2025-02-12,192.87
Tips,2025-02-12,27.51
Amount collected,2025-02-12,2322.81
Unpaid balance,2025-02-12,0.0
Gross sales,2025-02-13,2470.88
Refunds,2025-02-13,0.0
Net sales,2025-02-13,2470.88
Overpayments,2025-02-13,0.0
Taxes expected,2025-02-13,223.66
Taxes collected,2025-02-13,223.66
Tips,2025-02-13,34.3
Amount collected,2025-02-13,2728.84
Unpaid balance,2025-02-13,0.0
Gross sales,2025-02-14,2638.55
Refunds,2025-02-14,0.0
Net sales,2025-02-14,2638.55
Overpayments,2025-02-14,0.0
Taxes expected,2025-02-14,241.28
Taxes collected,2025-02-14,241.28
Tips,2025-02-14,35.71
Amount collected,2025-02-14,2915.54
Unpaid balance,2025-02-14,0.0
Gross sales,2025-02-15,3476.76
Refunds,2025-02-15,0.0
Net sales,2025-02-15,3476.76
Overpayments,2025-02-15,0.0
Taxes expected,2025-02-15,316.86
Taxes collected,2025-02-15,316.86
Tips,2025-02-15,73.34
Amount collected,2025-02-15,3866.96
Unpaid balance,2025-02-15,0.0
Gross sales,2025-02-16,2672.62
Refunds,2025-02-16,0.0
Net sales,2025-02-16,2672.62
Overpayments,2025-02-16,0.0
Taxes expected,2025-02-16,244.13
Taxes collected,2025-02-16,244.13
Tips,2025-02-16,59.98
Amount collected,2025-02-16,2976.73
Unpaid balance,2025-02-16,0.0
Gross sales,2025-02-17,1660.06
Refunds,2025-02-17,0.0
Net sales,2025-02-17,1660.06
Overpayments,2025-02-17,0.0
Taxes expected,2025-02-17,150.54
Taxes collected,2025-02-17,150.54
Tips,2025-02-17,35.92
Amount collected,2025-02-17,1846.52
Unpaid balance,2025-02-17,0.0
Gross sales,2025-02-18,1708.37
Refunds,2025-02-18,0.0
Net sales,2025-02-18,1708.37
Overpayments,2025-02-18,0.0
Taxes expected,2025-02-18,158.79
Taxes collected,2025-02-18,158.79
Tips,2025-02-18,33.27
Amount collected,2025-02-18,1900.43
Unpaid balance,2025-02-18,0.0
Gross sales,2025-02-19,2200.29
Refunds,2025-02-19,0.0
Net sales,2025-02-19,2200.29
Overpayments,2025-02-19,0.0
Taxes expected,2025-02-19,204.48
Taxes collected,2025-02-19,204.48
Tips,2025-02-19,36.38
Amount collected,2025-02-19,2441.15
Unpaid balance,2025-02-19,0.0
Gross sales,2025-02-20,2155.68
Refunds,2025-02-20,0.0
Net sales,2025-02-20,2155.68
Overpayments,2025-02-20,0.0
Taxes expected,2025-02-20,199.7
Taxes collected,2025-02-20,199.7
Tips,2025-02-20,52.06
Amount collected,2025-02-20,2407.44
Unpaid balance,2025-02-20,0.0
Gross sales,2025-02-21,2820.02
Refunds,2025-02-21,0.0
Net sales,2025-02-21,2820.02
Overpayments,2025-02-21,0.0
Taxes expected,2025-02-21,255.58
Taxes collected,2025-02-21,255.58
Tips,2025-02-21,45.51
Amount collected,2025-02-21,3121.11
Unpaid balance,2025-02-21,0.0
Gross sales,2025-02-22,3331.5
Refunds,2025-02-22,0.0
Net sales,2025-02-22,3331.5
Overpayments,2025-02-22,0.0
Taxes expected,2025-02-22,305.62
Taxes collected,2025-02-22,305.62
Tips,2025-02-22,37.87
Amount collected,2025-02-22,3674.99
Unpaid balance,2025-02-22,0.0
Gross sales,2025-02-23,3130.14
Refunds,2025-02-23,0.0
Net sales,2025-02-23,3130.14
Overpayments,2025-02-23,0.0
Taxes expected,2025-02-23,287.33
Taxes collected,2025-02-23,287.33
Tips,2025-02-23,76.99
Amount collected,2025-02-23,3494.46
Unpaid balance,2025-02-23,0.0
Gross sales,2025-02-24,1836.35
Refunds,2025-02-24,0.0
Net sales,2025-02-24,1836.35
Overpayments,2025-02-24,0.0
Taxes expected,2025-02-24,170.67
Taxes collected,2025-02-24,170.67
Tips,2025-02-24,43.36
Amount collected,2025-02-24,2050.38
Unpaid balance,2025-02-24,0.0
Gross sales,2025-02-25,2072.57
Refunds,2025-02-25,0.0
Net sales,2025-02-25,2072.57
Overpayments,2025-02-25,0.0
Taxes expected,2025-02-25,192.87
Taxes collected,2025-02-25,192.87
Tips,2025-02-25,42.05
Amount collected,2025-02-25,2307.49
Unpaid balance,2025-02-25,0.0
Gross sales,2025-02-26,2255.09
Refunds,2025-02-26,0.0
Net sales,2025-02-26,2255.09
Overpayments,2025-02-26,0.0
Taxes expected,2025-02-26,208.43
Taxes collected,2025-02-26,208.43
Tips,2025-02-26,21.74
Amount collected,2025-02-26,2485.26
Unpaid balance,2025-02-26,0.0
Gross sales,2025-02-27,2026.53
Refunds,2025-02-27,0.0
Net sales,2025-02-27,2026.53
Overpayments,2025-02-27,0.0
Taxes expected,2025-02-27,185.64
Taxes collected,2025-02-27,185.64
Tips,2025-02-27,39.71
Amount collected,2025-02-27,2251.88
Unpaid balance,2025-02-27,0.0
Gross sales,2025-02-28,2819.33
Refunds,2025-02-28,0.0
Net sales,2025-02-28,2819.33
Overpayments,2025-02-28,0.0
Taxes expected,2025-02-28,261.27
Taxes collected,2025-02-28,261.27
Tips,2025-02-28,54.18
Amount collected,2025-02-28,3134.78
Unpaid balance,2025-02-28,0.0
Gross sales,2025-03-01,3581.41
Refunds,2025-03-01,0.0
Net sales,2025-03-01,3581.41
Overpayments,2025-03-01,0.0
Taxes expected,2025-03-01,332.24
Taxes collected,2025-03-01,332.24
Tips,2025-03-01,65.14
Amount collected,2025-03-01,3978.79
Unpaid balance,2025-03-01,0.0
Gross sales,2025-03-02,3256.12
Refunds,2025-03-02,0.0
Net sales,2025-03-02,3256.12
Overpayments,2025-03-02,0.0
Taxes expected,2025-03-02,299.2
Taxes collected,2025-03-02,299.2
Tips,2025-03-02,53.9
Amount collected,2025-03-02,3609.22
Unpaid balance,2025-03-02,0.0
Gross sales,2025-03-03,2077.54
Refunds,2025-03-03,0.0
Net sales,2025-03-03,2077.54
Overpayments,2025-03-03,0.0
Taxes expected,2025-03-03,190.59
Taxes collected,2025-03-03,190.59
Tips,2025-03-03,44.78
Amount collected,2025-03-03,2312.91
Unpaid balance,2025-03-03,0.0
Gross sales,2025-03-04,1971.58
Refunds,2025-03-04,0.0
Net sales,2025-03-04,1971.58
Overpayments,2025-03-04,0.0
Taxes expected,2025-03-04,183.38
Taxes collected,2025-03-04,183.38
Tips,2025-03-04,49.41
Amount collected,2025-03-04,2204.37
Unpaid balance,2025-03-04,0.0
Gross sales,2025-03-05,2473.55
Refunds,2025-03-05,0.0
Net sales,2025-03-05,2473.55
Overpayments,2025-03-05,0.0
Taxes expected,2025-03-05,227.69
Taxes collected,2025-03-05,227.69
Tips,2025-03-05,42.06
Amount collected,2025-03-05,2743.3
Unpaid balance,2025-03-05,0.0
Gross sales,2025-03-06,2376.03
Refunds,2025-03-06,0.0
Net sales,2025-03-06,2376.03
Overpayments,2025-03-06,0.0
Taxes expected,2025-03-06,216.37
Taxes collected,2025-03-06,216.37
Tips,2025-03-06,42.02
Amount collected,2025-03-06,2634.42
Unpaid balance,2025-03-06,0.0
Gross sales,2025-03-07,2821.24
Refunds,2025-03-07,0.0
Net sales,2025-03-07,2821.24
Overpayments,2025-03-07,0.0
Taxes expected,2025-03-07,258.18
Taxes collected,2025-03-07,258.18
Tips,2025-03-07,60.05
Amount collected,2025-03-07,3139.47
Unpaid balance,2025-03-07,0.0
Gross sales,2025-03-08,2986.49
Refunds,2025-03-08,0.0
Net sales,2025-03-08,2986.49
Overpayments,2025-03-08,0.0
Taxes expected,2025-03-08,271.69
Taxes collected,2025-03-08,271.69
Tips,2025-03-08,69.07
Amount collected,2025-03-08,3327.25
Unpaid balance,2025-03-08,0.0
Gross sales,2025-03-09,2787.92
Refunds,2025-03-09,0.0
Net sales,2025-03-09,2787.92
Overpayments,2025-03-09,0.0
Taxes expected,2025-03-09,256.22
Taxes collected,2025-03-09,254.75
Tips,2025-03-09,43.81
Amount collected,2025-03-09,3086.48
Unpaid balance,2025-03-09,0.0
Gross sales,2025-03-10,1915.75
Refunds,2025-03-10,0.0
Net sales,2025-03-10,1915.75
Overpayments,2025-03-10,0.0
Taxes expected,2025-03-10,176.62
Taxes collected,2025-03-10,176.62
Tips,2025-03-10,37.15
Amount collected,2025-03-10,2129.52
Unpaid balance,2025-03-10,0.0
Gross sales,2025-03-11,0.0
Refunds,2025-03-11,0.0
Net sales,2025-03-11,0.0
Overpayments,2025-03-11,0.0
Taxes expected,2025-03-11,0.0
Taxes collected,2025-03-11,0.0
Tips,2025-03-11,0.0
Amount collected,2025-03-11,0.0
Unpaid balance,2025-03-11,0.0
Gross sales,2025-03-12,2050.01
Refunds,2025-03-12,0.0
Net sales,2025-03-12,2050.01
Overpayments,2025-03-12,0.0
Taxes expected,2025-03-12,190.62
Taxes collected,2025-03-12,190.62
Tips,2025-03-12,52.22
Amount collected,2025-03-12,2292.85
Unpaid balance,2025-03-12,0.0
Gross sales,2025-03-13,2665.04
Refunds,2025-03-13,0.0
Net sales,2025-03-13,2665.04
Overpayments,2025-03-13,0.0
Taxes expected,2025-03-13,247.29
Taxes collected,2025-03-13,247.29
Tips,2025-03-13,70.02
Amount collected,2025-03-13,2982.35
Unpaid balance,2025-03-13,0.0
Gross sales,2025-03-14,3457.58
Refunds,2025-03-14,0.0
Net sales,2025-03-14,3457.58
Overpayments,2025-03-14,0.0
Taxes expected,2025-03-14,321.62
Taxes collected,2025-03-14,321.62
Tips,2025-03-14,33.24
Amount collected,2025-03-14,3812.44
Unpaid balance,2025-03-14,0.0
Gross sales,2025-03-15,3542.99
Refunds,2025-03-15,0.0
Net sales,2025-03-15,3542.99
Overpayments,2025-03-15,0.0
Taxes expected,2025-03-15,329.41
Taxes collected,2025-03-15,329.41
Tips,2025-03-15,77.69
Amount collected,2025-03-15,3950.09
Unpaid balance,2025-03-15,0.0
Gross sales,2025-03-16,2568.49
Refunds,2025-03-16,0.0
Net sales,2025-03-16,2568.49
Overpayments,2025-03-16,0.0
Taxes expected,2025-03-16,239.06
Taxes collected,2025-03-16,239.06
Tips,2025-03-16,57.4
Amount collected,2025-03-16,2864.95
Unpaid balance,2025-03-16,0.0
Gross sales,2025-03-17,1803.31
Refunds,2025-03-17,0.0
Net sales,2025-03-17,1803.31
Overpayments,2025-03-17,0.0
Taxes expected,2025-03-17,166.36
Taxes collected,2025-03-17,166.36
Tips,2025-03-17,34.59
Amount collected,2025-03-17,2004.26
Unpaid balance,2025-03-17,0.0
Gross sales,2025-03-18,2185.48
Refunds,2025-03-18,0.0
Net sales,2025-03-18,2185.48
Overpayments,2025-03-18,0.0
Taxes expected,2025-03-18,197.97
Taxes collected,2025-03-18,197.97
Tips,2025-03-18,48.78
Amount collected,2025-03-18,2432.23
Unpaid balance,2025-03-18,0.0
Gross sales,2025-03-19,2533.06
Refunds,2025-03-19,0.0
Net sales,2025-03-19,2533.06
Overpayments,2025-03-19,0.0
Taxes expected,2025-03-19,235.09
Taxes collected,2025-03-19,235.09
Tips,2025-03-19,55.94
Amount collected,2025-03-19,2824.09
Unpaid balance,2025-03-19,0.0
Gross sales,2025-03-20,2660.72
Refunds,2025-03-20,0.0
Net sales,2025-03-20,2660.72
Overpayments,2025-03-20,0.0
Taxes expected,2025-03-20,241.91
Taxes collected,2025-03-20,241.91
Tips,2025-03-20,56.96
Amount collected,2025-03-20,2959.59
Unpaid balance,2025-03-20,0.0
Gross sales,2025-03-21,3370.16
Refunds,2025-03-21,0.0
Net sales,2025-03-21,3370.16
Overpayments,2025-03-21,0.0
Taxes expected,2025-03-21,308.54
Taxes collected,2025-03-21,308.54
Tips,2025-03-21,33.5
Amount collected,2025-03-21,3712.2
Unpaid balance,2025-03-21,0.0
Gross sales,2025-03-22,3226.02
Refunds,2025-03-22,0.0
Net sales,2025-03-22,3226.02
Overpayments,2025-03-22,0.0
Taxes expected,2025-03-22,293.42
Taxes collected,2025-03-22,293.42
Tips,2025-03-22,39.73
Amount collected,2025-03-22,3559.17
Unpaid balance,2025-03-22,0.0
Gross sales,2025-03-23,2800.11
Refunds,2025-03-23,0.0
Net sales,2025-03-23,2800.11
Overpayments,2025-03-23,0.0
Taxes expected,2025-03-23,257.08
Taxes collected,2025-03-23,257.08
Tips,2025-03-23,69.75
Amount collected,2025-03-23,3126.94
Unpaid balance,2025-03-23,0.0
Gross sales,2025-03-24,2007.15
Refunds,2025-03-24,0.0
Net sales,2025-03-24,2007.15
Overpayments,2025-03-24,0.0
Taxes expected,2025-03-24,186.77
Taxes collected,2025-03-24,186.77
Tips,2025-03-24,49.85
Amount collected,2025-03-24,2243.77
Unpaid balance,2025-03-24,0.0
Gross sales,2025-03-25,2145.26
Refunds,2025-03-25,0.0
Net sales,2025-03-25,2145.26
Overpayments,2025-03-25,0.0
Taxes expected,2025-03-25,196.15
Taxes collected,2025-03-25,196.15
Tips,2025-03-25,21.9
Amount collected,2025-03-25,2363.31
Unpaid balance,2025-03-25,0.0
Gross sales,2025-03-26,2514.44
Refunds,2025-03-26,0.0
Net sales,2025-03-26,2514.44
Overpayments,2025-03-26,0.0
Taxes expected,2025-03-26,228.38
Taxes collected,2025-03-26,228.38
Tips,2025-03-26,43.61
Amount collected,2025-03-26,2786.43
Unpaid balance,2025-03-26,0.0
Gross sales,2025-03-27,2235.53
Refunds,2025-03-27,0.0
Net sales,2025-03-27,2235.53
Overpayments,2025-03-27,0.0
Taxes expected,2025-03-27,204.66
Taxes collected,2025-03-27,204.66
Tips,2025-03-27,50.86
Amount collected,2025-03-27,2491.05
Unpaid balance,2025-03-27,0.0
Gross sales,2025-03-28,2917.57
Refunds,2025-03-28,0.0
Net sales,2025-03-28,2917.57
Overpayments,2025-03-28,0.0
Taxes expected,2025-03-28,266.83
Taxes collected,2025-03-28,266.83
Tips,2025-03-28,61.3
Amount collected,2025-03-28,3245.7
Unpaid balance,2025-03-28,0.0
Gross sales,2025-03-29,3519.44
Refunds,2025-03-29,0.0
Net sales,2025-03-29,3519.44
Overpayments,2025-03-29,0.0
Taxes expected,2025-03-29,324.71
Taxes collected,2025-03-29,324.71
Tips,2025-03-29,39.73
Amount collected,2025-03-29,3883.88
Unpaid balance,2025-03-29,0.0
Gross sales,2025-03-30,3095.7
Refunds,2025-03-30,0.0
Net sales,2025-03-30,3095.7
Overpayments,2025-03-30,0.0
Taxes expected,2025-03-30,280.09
Taxes collected,2025-03-30,280.09
Tips,2025-03-30,43.63
Amount collected,2025-03-30,3419.42
Unpaid balance,2025-03-30,0.0
Gross sales,2025-03-31,1963.49
Refunds,2025-03-31,0.0
Net sales,2025-03-31,1963.49
Overpayments,2025-03-31,0.0
Taxes expected,2025-03-31,181.44
Taxes collected,2025-03-31,181.44
Tips,2025-03-31,31.57
Amount collected,2025-03-31,2176.5
Unpaid balance,2025-03-31,0.0
Gross sales,2025-04-01,2104.14
Refunds,2025-04-01,0.0
Net sales,2025-04-01,2104.14
Overpayments,2025-04-01,0.0
Taxes expected,2025-04-01,193.97
Taxes collected,2025-04-01,193.97
Tips,2025-04-01,54.84
Amount collected,2025-04-01,2352.95
Unpaid balance,2025-04-01,0.0
Gross sales,2025-04-02,2003.04
Refunds,2025-04-02,0.0
Net sales,2025-04-02,2003.04
Overpayments,2025-04-02,0.0
Taxes expected,2025-04-02,182.81
Taxes collected,2025-04-02,182.81
Tips,2025-04-02,41.06
Amount collected,2025-04-02,2226.91
Unpaid balance,2025-04-02,0.0
Gross sales,2025-04-03,2266.06
Refunds,2025-04-03,0.0
Net sales,2025-04-03,2266.06
Overpayments,2025-04-03,0.0
Taxes expected,2025-04-03,209.5
Taxes collected,2025-04-03,209.5
Tips,2025-04-03,45.82
Amount collected,2025-04-03,2521.38
Unpaid balance,2025-04-03,0.0
Gross sales,2025-04-04,2784.66
Refunds,2025-04-04,0.0
Net sales,2025-04-04,2784.66
Overpayments,2025-04-04,0.0
Taxes expected,2025-04-04,252.98
Taxes collected,2025-04-04,252.98
Tips,2025-04-04,43.71
Amount collected,2025-04-04,3081.35
Unpaid balance,2025-04-04,0.0
Gross sales,2025-04-05,2966.94
Refunds,2025-04-05,0.0
Net sales,2025-04-05,2966.94
Overpayments,2025-04-05,0.0
Taxes expected,2025-04-05,271.41
Taxes collected,2025-04-05,271.41
Tips,2025-04-05,51.4
Amount collected,2025-04-05,3289.75
Unpaid balance,2025-04-05,0.0
Gross sales,2025-04-06,2727.45
Refunds,2025-04-06,0.0
Net sales,2025-04-06,2727.45
Overpayments,2025-04-06,0.0
Taxes expected,2025-04-06,248.12
Taxes collected,2025-04-06,248.12
Tips,2025-04-06,52.21
Amount collected,2025-04-06,3027.78
Unpaid balance,2025-04-06,0.0
Gross sales,2025-04-07,1791.46
Refunds,2025-04-07,0.0
Net sales,2025-04-07,1791.46
Overpayments,2025-04-07,0.0
Taxes expected,2025-04-07,163.33
Taxes collected,2025-04-07,163.33
Tips,2025-04-07,33.74
Amount collected,2025-04-07,1988.53
Unpaid balance,2025-04-07,0.0
Gross sales,2025-04-08,1929.76
Refunds,2025-04-08,0.0
Net sales,2025-04-08,1929.76
Overpayments,2025-04-08,0.0
Taxes expected,2025-04-08,177.31
Taxes collected,2025-04-08,177.31
Tips,2025-04-08,41.5
Amount collected,2025-04-08,2148.57
Unpaid balance,2025-04-08,0.0
Gross sales,2025-04-09,2254.3
Refunds,2025-04-09,0.0
Net sales,2025-04-09,2254.3
Overpayments,2025-04-09,0.0
Taxes expected,2025-04-09,204.08
Taxes collected,2025-04-09,204.08
Tips,2025-04-09,48.29
Amount collected,2025-04-09,2506.67
Unpaid balance,2025-04-09,0.0
Gross sales,2025-04-10,2361.0
Refunds,2025-04-10,0.0
Net sales,2025-04-10,2361.0
Overpayments,2025-04-10,0.0
Taxes expected,2025-04-10,217.24
Taxes collected,2025-04-10,217.24
Tips,2025-04-10,34.26
Amount collected,2025-04-10,2612.5
Unpaid balance,2025-04-10,0.0
Gross sales,2025-04-11,3110.87
Refunds,2025-04-11,0.0
Net sales,2025-04-11,3110.87
Overpayments,2025-04-11,0.0
Taxes expected,2025-04-11,286.5
Taxes collected,2025-04-11,286.5
Tips,2025-04-11,33.43
Amount collected,2025-04-11,3430.8
Unpaid balance,2025-04-11,0.0
Gross sales,2025-04-12,3499.05
Refunds,2025-04-12,0.0
Net sales,2025-04-12,3499.05
Overpayments,2025-04-12,0.0
Taxes expected,2025-04-12,318.76
Taxes collected,2025-04-12,318.76
Tips,2025-04-12,82.39
Amount collected,2025-04-12,3900.2
Unpaid balance,2025-04-12,0.0
Gross sales,2025-04-13,3180.34
Refunds,2025-04-13,0.0
Net sales,2025-04-13,3180.34
Overpayments,2025-04-13,0.0
Taxes expected,2025-04-13,291.99
Taxes collected,2025-04-13,291.99
Tips,2025-04-13,53.29
Amount collected,2025-04-13,3525.62
Unpaid balance,2025-04-13,0.0
Gross sales,2025-04-14,1914.47
Refunds,2025-04-14,0.0
Net sales,2025-04-14,1914.47
Overpayments,2025-04-14,0.0
Taxes expected,2025-04-14,174.1
Taxes collected,2025-04-14,174.1
Tips,2025-04-14,31.8
Amount collected,2025-04-14,2120.37
Unpaid balance,2025-04-14,0.0
Gross sales,2025-04-15,1720.73
Refunds,2025-04-15,0.0
Net sales,2025-04-15,1720.73
Overpayments,2025-04-15,0.0
Taxes expected,2025-04-15,157.69
Taxes collected,2025-04-15,157.69
Tips,2025-04-15,18.15
Amount collected,2025-04-15,1896.57
Unpaid balance,2025-04-15,0.0
Gross sales,2025-04-16,2563.71
Refunds,2025-04-16,0.0
Net sales,2025-04-16,2563.71
Overpayments,2025-04-16,0.0
Taxes expected,2025-04-16,233.83
Taxes collected,2025-04-16,233.38
Tips,2025-04-16,60.7
Amount collected,2025-04-16,2857.79
Unpaid balance,2025-04-16,0.0
Gross sales,2025-04-17,2445.15
Refunds,2025-04-17,0.0
Net sales,2025-04-17,2445.15
Overpayments,2025-04-17,0.0
Taxes expected,2025-04-17,223.76
Taxes collected,2025-04-17,223.76
Tips,2025-04-17,29.97
Amount collected,2025-04-17,2698.88
Unpaid balance,2025-04-17,0.0
Gross sales,2025-04-18,3451.74
Refunds,2025-04-18,0.0
Net sales,2025-04-18,3451.74
Overpayments,2025-04-18,0.0
Taxes expected,2025-04-18,320.09
Taxes collected,2025-04-18,320.09
Tips,2025-04-18,65.12
Amount collected,2025-04-18,3831.32
Unpaid balance,2025-04-18,5.63
Gross sales,2025-04-19,3166.08
Refunds,2025-04-19,0.0
Net sales,2025-04-19,3166.08
Overpayments,2025-04-19,0.0
Taxes expected,2025-04-19,286.71
Taxes collected,2025-04-19,285.15
Tips,2025-04-19,49.07
Amount collected,2025-04-19,3500.3
Unpaid balance,2025-04-19,0.0
Gross sales,2025-04-20,3211.31
Refunds,2025-04-20,0.0
Net sales,2025-04-20,3211.31
Overpayments,2025-04-20,0.0
Taxes expected,2025-04-20,293.76
Taxes collected,2025-04-20,293.76
Tips,2025-04-20,73.01
Amount collected,2025-04-20,3578.08
Unpaid balance,2025-04-20,0.0
Gross sales,2025-04-21,1802.41
Refunds,2025-04-21,0.0
Net sales,2025-04-21,1802.41
Overpayments,2025-04-21,0.0
Taxes expected,2025-04-21,167.51
Taxes collected,2025-04-21,167.51
Tips,2025-04-21,27.9
Amount collected,2025-04-21,1997.82
Unpaid balance,2025-04-21,0.0
Gross sales,2025-04-22,1851.87
Refunds,2025-04-22,0.0
Net sales,2025-04-22,1851.87
Overpayments,2025-04-22,0.0
Taxes expected,2025-04-22,171.9
Taxes collected,2025-04-22,171.9
Tips,2025-04-22,17.94
Amount collected,2025-04-22,2041.71
Unpaid balance,2025-04-22,0.0
Gross sales,2025-04-23,2552.07
Refunds,2025-04-23,0.0
Net sales,2025-04-23,2552.07
Overpayments,2025-04-23,0.0
Taxes expected,2025-04-23,234.53
Taxes collected,2025-04-23,234.53
Tips,2025-04-23,48.28
Amount collected,2025-04-23,2834.88
Unpaid balance,2025-04-23,0.0
Gross sales,2025-04-24,2285.99
Refunds,2025-04-24,0.0
Net sales,2025-04-24,2285.99
Overpayments,2025-04-24,0.0
Taxes expected,2025-04-24,212.67
Taxes collected,2025-04-24,212.67
Tips,2025-04-24,46.83
Amount collected,2025-04-24,2545.49
Unpaid balance,2025-04-24,0.0
Gross sales,2025-04-25,2876.87
Refunds,2025-04-25,0.0
Net sales,2025-04-25,2876.87
Overpayments,2025-04-25,0.0
Taxes expected,2025-04-25,261.43
Taxes collected,2025-04-25,261.43
Tips,2025-04-25,63.8
Amount collected,2025-04-25,3202.1
Unpaid balance,2025-04-25,0.0
Gross sales,2025-04-26,2927.4
Refunds,2025-04-26,0.0
Net sales,2025-04-26,2927.4
Overpayments,2025-04-26,0.0
Taxes expected,2025-04-26,266.1
Taxes collected,2025-04-26,266.1
Tips,2025-04-26,67.81
Amount collected,2025-04-26,3261.31
Unpaid balance,2025-04-26,0.0
Gross sales,2025-04-27,3237.68
Refunds,2025-04-27,0.0
Net sales,2025-04-27,3237.68
Overpayments,2025-04-27,0.0
Taxes expected,2025-04-27,299.71
Taxes collected,2025-04-27,299.71
Tips,2025-04-27,53.79
Amount collected,2025-04-27,3591.18
Unpaid balance,2025-04-27,0.0
Gross sales,2025-04-28,1876.31
Refunds,2025-04-28,0.0
Net sales,2025-04-28,1876.31
Overpayments,2025-04-28,0.0
Taxes expected,2025-04-28,174.31
Taxes collected,2025-04-28,174.31
Tips,2025-04-28,21.53
Amount collected,2025-04-28,2072.15
Unpaid balance,2025-04-28,0.0
Gross sales,2025-04-29,1999.23
Refunds,2025-04-29,0.0
Net sales,2025-04-29,1999.23
Overpayments,2025-04-29,0.0
Taxes expected,2025-04-29,184.15
Taxes collected,2025-04-29,184.15
Tips,2025-04-29,37.71
Amount collected,2025-04-29,2221.09
Unpaid balance,2025-04-29,0.0
Gross sales,2025-04-30,2030.19
Refunds,2025-04-30,0.0
Net sales,2025-04-30,2030.19
Overpayments,2025-04-30,0.0
Taxes expected,2025-04-30,188.26
Taxes collected,2025-04-30,188.26
Tips,2025-04-30,43.56
Amount collected,2025-04-30,2262.01
Unpaid balance,2025-04-30,0.0
Gross sales,2025-05-01,2403.03
Refunds,2025-05-01,0.0
Net sales,2025-05-01,2403.03
Overpayments,2025-05-01,0.0
Taxes expected,2025-05-01,217.26
Taxes collected,2025-05-01,217.26
Tips,2025-05-01,38.42
Amount collected,2025-05-01,2658.71
Unpaid balance,2025-05-01,0.0
Gross sales,2025-05-02,3331.1
Refunds,2025-05-02,0.0
Net sales,2025-05-02,3331.1
Overpayments,2025-05-02,0.0
Taxes expected,2025-05-02,305.61
Taxes collected,2025-05-02,305.61
Tips,2025-05-02,48.75
Amount collected,2025-05-02,3685.46
Unpaid balance,2025-05-02,0.0
Gross sales,2025-05-03,3516.82
Refunds,2025-05-03,0.0
Net sales,2025-05-03,3516.82
Overpayments,2025-05-03,0.0
Taxes expected,2025-05-03,322.12
Taxes collected,2025-05-03,322.12
Tips,2025-05-03,60.85
Amount collected,2025-05-03,3899.79
Unpaid balance,2025-05-03,0.0
Gross sales,2025-05-04,3213.08
Refunds,2025-05-04,0.0
Net sales,2025-05-04,3213.08
Overpayments,2025-05-04,0.0
Taxes expected,2025-05-04,296.18
Taxes collected,2025-05-04,296.18
Tips,2025-05-04,82.42
Amount collected,2025-05-04,3591.68
Unpaid balance,2025-05-04,0.0
Gross sales,2025-05-05,1885.68
Refunds,2025-05-05,0.0
Net sales,2025-05-05,1885.68
Overpayments,2025-05-05,0.0
Taxes expected,2025-05-05,175.55
Taxes collected,2025-05-05,175.55
Tips,2025-05-05,46.45
Amount collected,2025-05-05,2107.68
Unpaid balance,2025-05-05,0.0
Gross sales,2025-05-06,0.0
Refunds,2025-05-06,0.0
Net sales,2025-05-06,0.0
Overpayments,2025-05-06,0.0
Taxes expected,2025-05-06,0.0
Taxes collected,2025-05-06,0.0
Tips,2025-05-06,0.0
Amount collected,2025-05-06,0.0
Unpaid balance,2025-05-06,0.0
Gross sales,2025-05-07,2127.76
Refunds,2025-05-07,0.0
Net sales,2025-05-07,2127.76
Overpayments,2025-05-07,0.0
Taxes expected,2025-05-07,192.87
Taxes collected,2025-05-07,192.87
Tips,2025-05-07,23.57
Amount collected,2025-05-07,2344.2
Unpaid balance,2025-05-07,0.0
Gross sales,2025-05-08,2229.23
Refunds,2025-05-08,0.0
Net sales,2025-05-08,2229.23
Overpayments,2025-05-08,0.0
Taxes expected,2025-05-08,204.17
Taxes collected,2025-05-08,204.17
Tips,2025-05-08,22.92
Amount collected,2025-05-08,2456.32
Unpaid balance,2025-05-08,0.0
Gross sales,2025-05-09,2937.36
Refunds,2025-05-09,0.0
Net sales,2025-05-09,2937.36
Overpayments,2025-05-09,0.0
Taxes expected,2025-05-09,272.71
Taxes collected,2025-05-09,272.71
Tips,2025-05-09,51.79
Amount collected,2025-05-09,3261.86
Unpaid balance,2025-05-09,0.0
Gross sales,2025-05-10,3275.14
Refunds,2025-05-10,0.0
Net sales,2025-05-10,3275.14
Overpayments,2025-05-10,0.0
Taxes expected,2025-05-10,302.3
Taxes collected,2025-05-10,302.3
Tips,2025-05-10,76.65
Amount collected,2025-05-10,3654.09
Unpaid balance,2025-05-10,0.0
Gross sales,2025-05-11,3365.63
Refunds,2025-05-11,0.0
Net sales,2025-05-11,3365.63
Overpayments,2025-05-11,0.0
Taxes expected,2025-05-11,307.11
Taxes collected,2025-05-11,307.11
Tips,2025-05-11,32.66
Amount collected,2025-05-11,3705.4
Unpaid balance,2025-05-11,0.0
Gross sales,2025-05-12,2099.2
Refunds,2025-05-12,0.0
Net sales,2025-05-12,2099.2
Overpayments,2025-05-12,0.0
Taxes expected,2025-05-12,192.56
Taxes collected,2025-05-12,192.03
Tips,2025-05-12,50.81
Amount collected,2025-05-12,2342.04
Unpaid balance,2025-05-12,0.0
Gross sales,2025-05-13,1890.43
Refunds,2025-05-13,0.0
Net sales,2025-05-13,1890.43
Overpayments,2025-05-13,0.0
Taxes expected,2025-05-13,170.96
Taxes collected,2025-05-13,170.96
Tips,2025-05-13,18.17
Amount collected,2025-05-13,2079.56
Unpaid balance,2025-05-13,0.0
Gross sales,2025-05-14,2350.45
Refunds,2025-05-14,0.0
Net sales,2025-05-14,2350.45
Overpayments,2025-05-14,0.0
Taxes expected,2025-05-14,215.72
Taxes collected,2025-05-14,215.72
Tips,2025-05-14,23.25
Amount collected,2025-05-14,2589.42
Unpaid balance,2025-05-14,0.0
Gross sales,2025-05-15,2295.16
Refunds,2025-05-15,0.0
Net sales,2025-05-15,2295.16
Overpayments,2025-05-15,0.0
Taxes expected,2025-05-15,212.2
Taxes collected,2025-05-15,212.2
Tips,2025-05-15,25.27
Amount collected,2025-05-15,2532.63
Unpaid balance,2025-05-15,0.0
Gross sales,2025-05-16,3159.44
Refunds,2025-05-16,0.0
Net sales,2025-05-16,3159.44
Overpayments,2025-05-16,0.0
Taxes expected,2025-05-16,290.49
Taxes collected,2025-05-16,289.5
Tips,2025-05-16,51.22
Amount collected,2025-05-16,3500.16
Unpaid balance,2025-05-16,0.0
Gross sales,2025-05-17,3065.44
Refunds,2025-05-17,0.0
Net sales,2025-05-17,3065.44
Overpayments,2025-05-17,0.0
Taxes expected,2025-05-17,282.73
Taxes collected,2025-05-17,282.53
Tips,2025-05-17,35.59
Amount collected,2025-05-17,3383.56
Unpaid balance,2025-05-17,0.0
Gross sales,2025-05-18,3362.48
Refunds,2025-05-18,0.0
Net sales,2025-05-18,3362.48
Overpayments,2025-05-18,0.0
Taxes expected,2025-05-18,305.89
Taxes collected,2025-05-18,305.89
Tips,2025-05-18,84.87
Amount collected,2025-05-18,3753.24
Unpaid balance,2025-05-18,0.0
Gross sales,2025-05-19,1854.06
Refunds,2025-05-19,0.0
Net sales,2025-05-19,1854.06
Overpayments,2025-05-19,0.0
Taxes expected,2025-05-19,169.66
Taxes collected,2025-05-19,169.66
Tips,2025-05-19,30.34
Amount collected,2025-05-19,2054.06
Unpaid balance,2025-05-19,0.0
Gross sales,2025-05-20,2072.55
Refunds,2025-05-20,0.0
Net sales,2025-05-20,2072.55
Overpayments,2025-05-20,0.0
Taxes expected,2025-05-20,187.34
Taxes collected,2025-05-20,187.34
Tips,2025-05-20,30.06
Amount collected,2025-05-20,2289.95
Unpaid balance,2025-05-20,0.0
Gross sales,2025-05-21,2470.74
Refunds,2025-05-21,0.0
Net sales,2025-05-21,2470.74
Overpayments,2025-05-21,1.76
Taxes expected,2025-05-21,224.69
Taxes collected,2025-05-21,224.69
Tips,2025-05-21,54.25
Amount collected,2025-05-21,2751.44
Unpaid balance,2025-05-21,0.0
Gross sales,2025-05-22,2438.9
Refunds,2025-05-22,0.0
Net sales,2025-05-22,2438.9
Overpayments,2025-05-22,0.0
Taxes expected,2025-05-22,220.94
Taxes collected,2025-05-22,220.94
Tips,2025-05-22,41.46
Amount collected,2025-05-22,2701.3
Unpaid balance,2025-05-22,0.0
Gross sales,2025-05-23,3191.39
Refunds,2025-05-23,0.0
Net sales,2025-05-23,3191.39
Overpayments,2025-05-23,0.0
Taxes expected,2025-05-23,288.6
Taxes collected,2025-05-23,288.6
Tips,2025-05-23,70.36
Amount collected,2025-05-23,3550.35
Unpaid balance,2025-05-23,0.0
Gross sales,2025-05-24,3039.74
Refunds,2025-05-24,0.0
Net sales,2025-05-24,3039.74
Overpayments,2025-05-24,0.0
Taxes expected,2025-05-24,278.11
Taxes collected,2025-05-24,278.11
Tips,2025-05-24,53.96
Amount collected,2025-05-24,3371.81
Unpaid balance,2025-05-24,0.0
Gross sales,2025-05-25,3071.03
Refunds,2025-05-25,0.0
Net sales,2025-05-25,3071.03
Overpayments,2025-05-25,0.0
Taxes expected,2025-05-25,281.49
Taxes collected,2025-05-25,281.49
Tips,2025-05-25,45.47
Amount collected,2025-05-25,3397.99
Unpaid balance,2025-05-25,0.0
Gross sales,2025-05-26,1811.13
Refunds,2025-05-26,0.0
Net sales,2025-05-26,1811.13
Overpayments,2025-05-26,0.0
Taxes expected,2025-05-26,168.23
Taxes collected,2025-05-26,168.23
Tips,2025-05-26,29.7
Amount collected,2025-05-26,2009.06
Unpaid balance,2025-05-26,0.0
Gross sales,2025-05-27,1911.39
Refunds,2025-05-27,0.0
Net sales,2025-05-27,1911.39
Overpayments,2025-05-27,0.0
Taxes expected,2025-05-27,177.02
Taxes collected,2025-05-27,177.02
Tips,2025-05-27,21.25
Amount collected,2025-05-27,2109.66
Unpaid balance,2025-05-27,0.0
Gross sales,2025-05-28,2587.54
Refunds,2025-05-28,0.0
Net sales,2025-05-28,2587.54
Overpayments,2025-05-28,0.0
Taxes expected,2025-05-28,235.7
Taxes collected,2025-05-28,235.7
Tips,2025-05-28,60.24
Amount collected,2025-05-28,2883.48
Unpaid balance,2025-05-28,0.0
Gross sales,2025-05-29,2512.64
Refunds,2025-05-29,0.0
Net sales,2025-05-29,2512.64
Overpayments,2025-05-29,0.0
Taxes expected,2025-05-29,229.85
Taxes collected,2025-05-29,229.85
Tips,2025-05-29,41.97
Amount collected,2025-05-29,2784.46
Unpaid balance,2025-05-29,0.0
Gross sales,2025-05-30,2695.68
Refunds,2025-05-30,0.0
Net sales,2025-05-30,2695.68
Overpayments,2025-05-30,0.0
Taxes expected,2025-05-30,248.82
Taxes collected,2025-05-30,248.82
Tips,2025-05-30,36.6
Amount collected,2025-05-30,2981.1
Unpaid balance,2025-05-30,0.0
Gross sales,2025-05-31,3663.75
Refunds,2025-05-31,0.0
Net sales,2025-05-31,3663.75
Overpayments,2025-05-31,0.0
Taxes expected,2025-05-31,332.32
Taxes collected,2025-05-31,332.32
Tips,2025-05-31,78.42
Amount collected,2025-05-31,4074.49
Unpaid balance,2025-05-31,0.0
Gross sales,2025-06-01,3285.46
Refunds,2025-06-01,0.0
Net sales,2025-06-01,3285.46
Overpayments,2025-06-01,0.71
Taxes expected,2025-06-01,302.97
Taxes collected,2025-06-01,302.97
Tips,2025-06-01,36.78
Amount collected,2025-06-01,3625.92
Unpaid balance,2025-06-01,0.0
Gross sales,2025-06-02,2084.11
Refunds,2025-06-02,0.0
Net sales,2025-06-02,2084.11
Overpayments,2025-06-02,0.0
Taxes expected,2025-06-02,191.89
Taxes collected,2025-06-02,191.89
Tips,2025-06-02,50.4
Amount collected,2025-06-02,2326.4
Unpaid balance,2025-06-02,0.0
Gross sales,2025-06-03,1855.13
Refunds,2025-06-03,0.0
Net sales,2025-06-03,1855.13
Overpayments,2025-06-03,0.0
Taxes expected,2025-06-03,172.51
Taxes collected,2025-06-03,171.92
Tips,2025-06-03,18.16
Amount collected,2025-06-03,2045.21
Unpaid balance,2025-06-03,0.0
Gross sales,2025-06-04,2510.35
Refunds,2025-06-04,0.0
Net sales,2025-06-04,2510.35
Overpayments,2025-06-04,0.0
Taxes expected,2025-06-04,230.66
Taxes collected,2025-06-04,230.66
Tips,2025-06-04,31.64
Amount collected,2025-06-04,2772.65
Unpaid balance,2025-06-04,0.0
Gross sales,2025-06-05,2423.1
Refunds,2025-06-05,0.0
Net sales,2025-06-05,2423.1
Overpayments,2025-06-05,0.0
Taxes expected,2025-06-05,224.96
Taxes collected,2025-06-05,224.96
Tips,2025-06-05,64.16
Amount collected,2025-06-05,2712.22
Unpaid balance,2025-06-05,0.0
Gross sales,2025-06-06,3565.34
Refunds,2025-06-06,0.0
Net sales,2025-06-06,3565.34
Overpayments,2025-06-06,0.0
Taxes expected,2025-06-06,330.91
Taxes collected,2025-06-06,330.91
Tips,2025-06-06,68.84
Amount collected,2025-06-06,3965.09
Unpaid balance,2025-06-06,0.0
Gross sales,2025-06-07,3615.16
Refunds,2025-06-07,0.0
Net sales,2025-06-07,3615.16
Overpayments,2025-06-07,0.0
Taxes expected,2025-06-07,336.52
Taxes collected,2025-06-07,336.52
Tips,2025-06-07,63.89
Amount collected,2025-06-07,4015.57
Unpaid balance,2025-06-07,0.0
Gross sales,2025-06-08,3202.9
Refunds,2025-06-08,0.0
Net sales,2025-06-08,3202.9
Overpayments,2025-06-08,0.0
Taxes expected,2025-06-08,289.85
Taxes collected,2025-06-08,289.85
Tips,2025-06-08,57.17
Amount collected,2025-06-08,3534.84
Unpaid balance,2025-06-08,15.08
Gross sales,2025-06-09,1864.44
Refunds,2025-06-09,0.0
Net sales,2025-06-09,1864.44
Overpayments,2025-06-09,0.0
Taxes expected,2025-06-09,172.07
Taxes collected,2025-06-09,170.9
Tips,2025-06-09,42.86
Amount collected,2025-06-09,2078.2
Unpaid balance,2025-06-09,0.0
Gross sales,2025-06-10,2146.88
Refunds,2025-06-10,0.0
Net sales,2025-06-10,2146.88
Overpayments,2025-06-10,1.03
Taxes expected,2025-06-10,194.62
Taxes collected,2025-06-10,194.62
Tips,2025-06-10,25.46
Amount collected,2025-06-10,2367.99
Unpaid balance,2025-06-10,0.0
Gross sales,2025-06-11,2266.55
Refunds,2025-06-11,0.0
Net sales,2025-06-11,2266.55
Overpayments,2025-06-11,0.0
Taxes expected,2025-06-11,207.75
Taxes collected,2025-06-11,207.75
Tips,2025-06-11,27.3
Amount collected,2025-06-11,2501.6
Unpaid balance,2025-06-11,0.0
Gross sales,2025-06-12,2427.98
Refunds,2025-06-12,0.0
Net sales,2025-06-12,2427.98
Overpayments,2025-06-12,0.0
Taxes expected,2025-06-12,220.57
Taxes collected,2025-06-12,220.57
Tips,2025-06-12,31.28
Amount collected,2025-06-12,2679.83
Unpaid balance,2025-06-12,0.0
Gross sales,2025-06-13,3153.59
Refunds,2025-06-13,0.0
Net sales,2025-06-13,3153.59
Overpayments,2025-06-13,0.0
Taxes expected,2025-06-13,287.42
Taxes collected,2025-06-13,287.42
Tips,2025-06-13,81.7
Amount collected,2025-06-13,3522.71
Unpaid balance,2025-06-13,0.0
Gross sales,2025-06-14,3505.93
Refunds,2025-06-14,0.0
Net sales,2025-06-14,3505.93
Overpayments,2025-06-14,0.0
Taxes expected,2025-06-14,322.96
Taxes collected,2025-06-14,322.96
Tips,2025-06-14,87.19
Amount collected,2025-06-14,3916.08
Unpaid balance,2025-06-14,0.0
Gross sales,2025-06-15,3088.31
Refunds,2025-06-15,0.0
Net sales,2025-06-15,3088.31
Overpayments,2025-06-15,0.0
Taxes expected,2025-06-15,284.74
Taxes collected,2025-06-15,284.74
Tips,2025-06-15,60.93
Amount collected,2025-06-15,3433.98
Unpaid balance,2025-06-15,0.0
Gross sales,2025-06-16,2105.95
Refunds,2025-06-16,0.0
Net sales,2025-06-16,2105.95
Overpayments,2025-06-16,0.0
Taxes expected,2025-06-16,193.1
Taxes collected,2025-06-16,193.1
Tips,2025-06-16,29.5
Amount collected,2025-06-16,2328.55
Unpaid balance,2025-06-16,0.0
Gross sales,2025-06-17,2094.62
Refunds,2025-06-17,0.0
Net sales,2025-06-17,2094.62
Overpayments,2025-06-17,0.0
Taxes expected,2025-06-17,193.04
Taxes collected,2025-06-17,193.04
Tips,2025-06-17,34.48
Amount collected,2025-06-17,2322.14
Unpaid balance,2025-06-17,0.0
Gross sales,2025-06-18,2488.22
Refunds,2025-06-18,0.0
Net sales,2025-06-18,2488.22
Overpayments,2025-06-18,0.0
Taxes expected,2025-06-18,226.81
Taxes collected,2025-06-18,226.81
Tips,2025-06-18,30.7
Amount collected,2025-06-18,2745.73
Unpaid balance,2025-06-18,0.0
Gross sales,2025-06-19,2205.14
Refunds,2025-06-19,0.0
Net sales,2025-06-19,2205.14
Overpayments,2025-06-19,0.0
Taxes expected,2025-06-19,202.57
Taxes collected,2025-06-19,202.57
Tips,2025-06-19,57.7
Amount collected,2025-06-19,2465.41
Unpaid balance,2025-06-19,0.0
Gross sales,2025-06-20,3523.27
Refunds,2025-06-20,0.0
Net sales,2025-06-20,3523.27
Overpayments,2025-06-20,0.0
Taxes expected,2025-06-20,320.36
Taxes collected,2025-06-20,320.36
Tips,2025-06-20,86.98
Amount collected,2025-06-20,3930.61
Unpaid balance,2025-06-20,0.0
Gross sales,2025-06-21,2939.37
Refunds,2025-06-21,0.0
Net sales,2025-06-21,2939.37
Overpayments,2025-06-21,0.0
Taxes expected,2025-06-21,273.65
Taxes collected,2025-06-21,273.65
Tips,2025-06-21,44.69
Amount collected,2025-06-21,3257.71
Unpaid balance,2025-06-21,0.0
Gross sales,2025-06-22,3257.39
Refunds,2025-06-22,0.0
Net sales,2025-06-22,3257.39
Overpayments,2025-06-22,0.0
Taxes expected,2025-06-22,302.82
Taxes collected,2025-06-22,302.82
Tips,2025-06-22,84.8
Amount collected,2025-06-22,3645.01
Unpaid balance,2025-06-22,0.0
Gross sales,2025-06-23,1971.3
Refunds,2025-06-23,0.0
Net sales,2025-06-23,1971.3
Overpayments,2025-06-23,0.0
Taxes expected,2025-06-23,180.35
Taxes collected,2025-06-23,180.35
Tips,2025-06-23,49.17
Amount collected,2025-06-23,2200.82
Unpaid balance,2025-06-23,0.0
Gross sales,2025-06-24,2172.77
Refunds,2025-06-24,0.0
Net sales,2025-06-24,2172.77
Overpayments,2025-06-24,0.0
Taxes expected,2025-06-24,197.16
Taxes collected,2025-06-24,197.16
Tips,2025-06-24,31.6
Amount collected,2025-06-24,2401.53
Unpaid balance,2025-06-24,0.0
Gross sales,2025-06-25,2201.5
Refunds,2025-06-25,0.0
Net sales,2025-06-25,2201.5
Overpayments,2025-06-25,0.0
Taxes expected,2025-06-25,203.92
Taxes collected,2025-06-25,203.92
Tips,2025-06-25,56.7
Amount collected,2025-06-25,2462.12
Unpaid balance,2025-06-25,0.0
Gross sales,2025-06-26,2661.95
Refunds,2025-06-26,0.0
Net sales,2025-06-26,2661.95
Overpayments,2025-06-26,0.0
Taxes expected,2025-06-26,240.83
Taxes collected,2025-06-26,239.65
Tips,2025-06-26,56.59
Amount collected,2025-06-26,2958.19
Unpaid balance,2025-06-26,0.0
Gross sales,2025-06-27,2897.45
Refunds,2025-06-27,0.0
Net sales,2025-06-27,2897.45
Overpayments,2025-06-27,0.0
Taxes expected,2025-06-27,263.96
Taxes collected,2025-06-27,263.96
Tips,2025-06-27,51.8
Amount collected,2025-06-27,3213.21
Unpaid balance,2025-06-27,0.0
Gross sales,2025-06-28,2998.94
Refunds,2025-06-28,0.0
Net sales,2025-06-28,2998.94
Overpayments,2025-06-28,0.0
Taxes expected,2025-06-28,275.76
Taxes collected,2025-06-28,275.76
Tips,2025-06-28,43.19
Amount collected,2025-06-28,3317.89
Unpaid balance,2025-06-28,0.0
Gross sales,2025-06-29,3390.94
Refunds,2025-06-29,0.0
Net sales,2025-06-29,3390.94
Overpayments,2025-06-29,0.0
Taxes expected,2025-06-29,306.94
Taxes collected,2025-06-29,306.94
Tips,2025-06-29,37.75
Amount collected,2025-06-29,3735.63
Unpaid balance,2025-06-29,0.0
Gross sales,2025-06-30,1715.72
Refunds,2025-06-30,0.0
Net sales,2025-06-30,1715.72
Overpayments,2025-06-30,0.0
Taxes expected,2025-06-30,158.98
Taxes collected,2025-06-30,158.98
Tips,2025-06-30,30.29
Amount collected,2025-06-30,1904.99
Unpaid balance,2025-06-30,0.0
Gross sales,2025-07-01,2038.54
Refunds,2025-07-01,0.0
Net sales,2025-07-01,2038.54
Overpayments,2025-07-01,0.0
Taxes expected,2025-07-01,189.58
Taxes collected,2025-07-01,188.69
Tips,2025-07-01,43.76
Amount collected,2025-07-01,2270.99
Unpaid balance,2025-07-01,0.0
Gross sales,2025-07-02,2573.71
Refunds,2025-07-02,0.0
Net sales,2025-07-02,2573.71
Overpayments,2025-07-02,0.0
Taxes expected,2025-07-02,233.16
Taxes collected,2025-07-02,233.16
Tips,2025-07-02,41.37
Amount collected,2025-07-02,2848.24
Unpaid balance,2025-07-02,0.0
Gross sales,2025-07-03,2643.16
Refunds,2025-07-03,0.0
Net sales,2025-07-03,2643.16
Overpayments,2025-07-03,0.0
Taxes expected,2025-07-03,243.3
Taxes collected,2025-07-03,243.3
Tips,2025-07-03,54.02
Amount collected,2025-07-03,2940.48
Unpaid balance,2025-07-03,0.0
Gross sales,2025-07-04,0.0
Refunds,2025-07-04,0.0
Net sales,2025-07-04,0.0
Overpayments,2025-07-04,0.0
Taxes expected,2025-07-04,0.0
Taxes collected,2025-07-04,0.0
Tips,2025-07-04,0.0
Amount collected,2025-07-04,0.0
Unpaid balance,2025-07-04,0.0
Gross sales,2025-07-05,3480.9
Refunds,2025-07-05,0.0
Net sales,2025-07-05,3480.9
Overpayments,2025-07-05,0.0
Taxes expected,2025-07-05,316.17
Taxes collected,2025-07-05,316.17
Tips,2025-07-05,72.91
Amount collected,2025-07-05,3869.98
Unpaid balance,2025-07-05,0.0
Gross sales,2025-07-06,3283.72
Refunds,2025-07-06,0.0
Net sales,2025-07-06,3283.72
Overpayments,2025-07-06,0.0
Taxes expected,2025-07-06,301.84
Taxes collected,2025-07-06,301.84
Tips,2025-07-06,71.18
Amount collected,2025-07-06,3656.74
Unpaid balance,2025-07-06,0.0
Gross sales,2025-07-07,1883.06
Refunds,2025-07-07,0.0
Net sales,2025-07-07,1883.06
Overpayments,2025-07-07,0.0
Taxes expected,2025-07-07,173.58
Taxes collected,2025-07-07,173.58
Tips,2025-07-07,43.08
Amount collected,2025-07-07,2099.72
Unpaid balance,2025-07-07,0.0
Gross sales,2025-07-08,0.0
Refunds,2025-07-08,0.0
Net sales,2025-07-08,0.0
Overpayments,2025-07-08,0.0
Taxes expected,2025-07-08,0.0
Taxes collected,2025-07-08,0.0
Tips,2025-07-08,0.0
Amount collected,2025-07-08,0.0
Unpaid balance,2025-07-08,0.0
Gross sales,2025-07-09,2258.8
Refunds,2025-07-09,0.0
Net sales,2025-07-09,2258.8
Overpayments,2025-07-09,0.0
Taxes expected,2025-07-09,207.16
Taxes collected,2025-07-09,207.16
Tips,2025-07-09,37.58
Amount collected,2025-07-09,2503.54
Unpaid balance,2025-07-09,0.0
Gross sales,2025-07-10,2503.3
Refunds,2025-07-10,0.0
Net sales,2025-07-10,2503.3
Overpayments,2025-07-10,0.0
Taxes expected,2025-07-10,229.4
Taxes collected,2025-07-10,229.4
Tips,2025-07-10,37.1
Amount collected,2025-07-10,2769.8
Unpaid balance,2025-07-10,0.0
Gross sales,2025-07-11,2879.8
Refunds,2025-07-11,0.0
Net sales,2025-07-11,2879.8
Overpayments,2025-07-11,0.0
Taxes expected,2025-07-11,265.02
Taxes collected,2025-07-11,265.02
Tips,2025-07-11,38.27
Amount collected,2025-07-11,3183.09
Unpaid balance,2025-07-11,0.0
Gross sales,2025-07-12,3882.83
Refunds,2025-07-12,0.0
Net sales,2025-07-12,3882.83
Overpayments,2025-07-12,0.0
Taxes expected,2025-07-12,359.08
Taxes collected,2025-07-12,358.48
Tips,2025-07-12,60.44
Amount collected,2025-07-12,4301.75
Unpaid balance,2025-07-12,0.0
Gross sales,2025-07-13,3023.99
Refunds,2025-07-13,0.0
Net sales,2025-07-13,3023.99
Overpayments,2025-07-13,0.0
Taxes expected,2025-07-13,274.68
Taxes collected,2025-07-13,274.68
Tips,2025-07-13,45.24
Amount collected,2025-07-13,3343.91
Unpaid balance,2025-07-13,0.0
Gross sales,2025-07-14,1996.59
Refunds,2025-07-14,0.0
Net sales,2025-07-14,1996.59
Overpayments,2025-07-14,0.0
Taxes expected,2025-07-14,183.75
Taxes collected,2025-07-14,183.75
Tips,2025-07-14,22.24
Amount collected,2025-07-14,2202.58
Unpaid balance,2025-07-14,0.0
Gross sales,2025-07-15,2134.33
Refunds,2025-07-15,0.0
Net sales,2025-07-15,2134.33
Overpayments,2025-07-15,0.0
Taxes expected,2025-07-15,195.77
Taxes collected,2025-07-15,195.77
Tips,2025-07-15,50.66
Amount collected,2025-07-15,2380.76
Unpaid balance,2025-07-15,0.0
Gross sales,2025-07-16,2574.24
Refunds,2025-07-16,0.0
Net sales,2025-07-16,2574.24
Overpayments,2025-07-16,0.0
Taxes expected,2025-07-16,236.18
Taxes collected,2025-07-16,236.18
Tips,2025-07-16,48.6
Amount collected,2025-07-16,2859.02
Unpaid balance,2025-07-16,0.0
Gross sales,2025-07-17,2528.87
Refunds,2025-07-17,0.0
Net sales,2025-07-17,2528.87
Overpayments,2025-07-17,0.0
Taxes expected,2025-07-17,234.98
Taxes collected,2025-07-17,234.98
Tips,2025-07-17,45.7
Amount collected,2025-07-17,2809.55
Unpaid balance,2025-07-17,0.0
Gross sales,2025-07-18,3584.71
Refunds,2025-07-18,0.0
Net sales,2025-07-18,3584.71
Overpayments,2025-07-18,0.0
Taxes expected,2025-07-18,329.49
Taxes collected,2025-07-18,329.49
Tips,2025-07-18,57.65
Amount collected,2025-07-18,3971.85
Unpaid balance,2025-07-18,0.0
Gross sales,2025-07-19,3890.75
Refunds,2025-07-19,0.0
Net sales,2025-07-19,3890.75
Overpayments,2025-07-19,0.0
Taxes expected,2025-07-19,353.1
Taxes collected,2025-07-19,353.1
Tips,2025-07-19,101.87
Amount collected,2025-07-19,4345.72
Unpaid balance,2025-07-19,0.0
Gross sales,2025-07-20,3305.58
Refunds,2025-07-20,0.0
Net sales,2025-07-20,3305.58
Overpayments,2025-07-20,0.0
Taxes expected,2025-07-20,306.85
Taxes collected,2025-07-20,306.85
Tips,2025-07-20,36.3
Amount collected,2025-07-20,3648.73
Unpaid balance,2025-07-20,0.0
Gross sales,2025-07-21,2049.46
Refunds,2025-07-21,0.0
Net sales,2025-07-21,2049.46
Overpayments,2025-07-21,0.0
Taxes expected,2025-07-21,189.66
Taxes collected,2025-07-21,189.66
Tips,2025-07-21,40.95
Amount collected,2025-07-21,2280.07
Unpaid balance,2025-07-21,0.0
Gross sales,2025-07-22,1882.76
Refunds,2025-07-22,0.0
Net sales,2025-07-22,1882.76
Overpayments,2025-07-22,0.0
Taxes expected,2025-07-22,173.78
Taxes collected,2025-07-22,173.78
Tips,2025-07-22,23.25
Amount collected,2025-07-22,2079.79
Unpaid balance,2025-07-22,0.0
Gross sales,2025-07-23,2261.74
Refunds,2025-07-23,0.0
Net sales,2025-07-23,2261.74
Overpayments,2025-07-23,0.0
Taxes expected,2025-07-23,204.69
Taxes collected,2025-07-23,204.69
Tips,2025-07-23,58.36
Amount collected,2025-07-23,2524.79
Unpaid balance,2025-07-23,0.0
Gross sales,2025-07-24,2718.17
Refunds,2025-07-24,0.0
Net sales,2025-07-24,2718.17
Overpayments,2025-07-24,0.0
Taxes expected,2025-07-24,247.22
Taxes collected,2025-07-24,247.22
Tips,2025-07-24,71.19
Amount collected,2025-07-24,3036.58
Unpaid balance,2025-07-24,0.0
Gross sales,2025-07-25,3034.44
Refunds,2025-07-25,0.0
Net sales,2025-07-25,3034.44
Overpayments,2025-07-25,0.0
Taxes expected,2025-07-25,274.98
Taxes collected,2025-07-25,274.98
Tips,2025-07-25,67.64
Amount collected,2025-07-25,3377.06
Unpaid balance,2025-07-25,0.0
Gross sales,2025-07-26,3741.27
Refunds,2025-07-26,0.0
Net sales,2025-07-26,3741.27
Overpayments,2025-07-26,0.0
Taxes expected,2025-07-26,339.53
Taxes collected,2025-07-26,339.53
Tips,2025-07-26,44.47
Amount collected,2025-07-26,4125.27
Unpaid balance,2025-07-26,0.0
Gross sales,2025-07-27,3494.57
Refunds,2025-07-27,0.0
Net sales,2025-07-27,3494.57
Overpayments,2025-07-27,0.0
Taxes expected,2025-07-27,323.7
Taxes collected,2025-07-27,323.7
Tips,2025-07-27,64.4
Amount collected,2025-07-27,3882.67
Unpaid balance,2025-07-27,0.0
Gross sales,2025-07-28,1869.06
Refunds,2025-07-28,0.0
Net sales,2025-07-28,1869.06
Overpayments,2025-07-28,0.0
Taxes expected,2025-07-28,173.47
Taxes collected,2025-07-28,173.47
Tips,2025-07-28,20.93
Amount collected,2025-07-28,2063.46
Unpaid balance,2025-07-28,0.0
Gross sales,2025-07-29,1942.77
Refunds,2025-07-29,0.0
Net sales,2025-07-29,1942.77
Overpayments,2025-07-29,0.0
Taxes expected,2025-07-29,178.3
Taxes collected,2025-07-29,178.3
Tips,2025-07-29,45.99
Amount collected,2025-07-29,2167.06
Unpaid balance,2025-07-29,0.0
Gross sales,2025-07-30,2548.76
Refunds,2025-07-30,0.0
Net sales,2025-07-30,2548.76
Overpayments,2025-07-30,0.0
Taxes expected,2025-07-30,233.12
Taxes collected,2025-07-30,233.12
Tips,2025-07-30,24.83
Amount collected,2025-07-30,2806.71
Unpaid balance,2025-07-30,0.0
Gross sales,2025-07-31,2446.48
Refunds,2025-07-31,0.0
Net sales,2025-07-31,2446.48
Overpayments,2025-07-31,0.0
Taxes expected,2025-07-31,227.42
Taxes collected,2025-07-31,227.42
Tips,2025-07-31,34.44
Amount collected,2025-07-31,2708.34
Unpaid balance,2025-07-31,0.0
Gross sales,2025-08-01,2931.61
Refunds,2025-08-01,0.0
Net sales,2025-08-01,2931.61
Overpayments,2025-08-01,0.0
Taxes expected,2025-08-01,268.95
Taxes collected,2025-08-01,268.95
Tips,2025-08-01,71.9
Amount collected,2025-08-01,3272.46
Unpaid balance,2025-08-01,0.0
Gross sales,2025-08-02,3461.37
Refunds,2025-08-02,0.0
Net sales,2025-08-02,3461.37
Overpayments,2025-08-02,0.0
Taxes expected,2025-08-02,320.04
Taxes collected,2025-08-02,320.04
Tips,2025-08-02,76.86
Amount collected,2025-08-02,3858.27
Unpaid balance,2025-08-02,0.0
Gross sales,2025-08-03,3163.99
Refunds,2025-08-03,0.0
Net sales,2025-08-03,3163.99
Overpayments,2025-08-03,0.0
Taxes expected,2025-08-03,292.1
Taxes collected,2025-08-03,292.1
Tips,2025-08-03,48.69
Amount collected,2025-08-03,3504.78
Unpaid balance,2025-08-03,0.0
Gross sales,2025-08-04,2180.13
Refunds,2025-08-04,0.0
Net sales,2025-08-04,2180.13
Overpayments,2025-08-04,0.0
Taxes expected,2025-08-04,199.29
Taxes collected,2025-08-04,199.29
Tips,2025-08-04,37.75
Amount collected,2025-08-04,2417.17
Unpaid balance,2025-08-04,0.0
Gross sales,2025-08-05,1962.02
Refunds,2025-08-05,0.0
Net sales,2025-08-05,1962.02
Overpayments,2025-08-05,0.0
Taxes expected,2025-08-05,182.62
Taxes collected,2025-08-05,182.62
Tips,2025-08-05,29.69
Amount collected,2025-08-05,2174.33
Unpaid balance,2025-08-05,0.0
Gross sales,2025-08-06,2512.52
Refunds,2025-08-06,0.0
Net sales,2025-08-06,2512.52
Overpayments,2025-08-06,0.0
Taxes expected,2025-08-06,231.61
Taxes collected,2025-08-06,231.61
Tips,2025-08-06,61.82
Amount collected,2025-08-06,2805.95
Unpaid balance,2025-08-06,0.0
Gross sales,2025-08-07,2687.84
Refunds,2025-08-07,0.0
Net sales,2025-08-07,2687.84
Overpayments,2025-08-07,0.0
Taxes expected,2025-08-07,244.42
Taxes collected,2025-08-07,244.42
Tips,2025-08-07,34.65
Amount collected,2025-08-07,2966.91
Unpaid balance,2025-08-07,0.0
Gross sales,2025-08-08,3047.71
Refunds,2025-08-08,0.0
Net sales,2025-08-08,3047.71
Overpayments,2025-08-08,0.0
Taxes expected,2025-08-08,276.43
Taxes collected,2025-08-08,276.43
Tips,2025-08-08,77.38
Amount collected,2025-08-08,3401.52
Unpaid balance,2025-08-08,0.0
Gross sales,2025-08-09,3729.71
Refunds,2025-08-09,0.0
Net sales,2025-08-09,3729.71
Overpayments,2025-08-09,0.0
Taxes expected,2025-08-09,343.85
Taxes collected,2025-08-09,343.85
Tips,2025-08-09,56.52
Amount collected,2025-08-09,4130.08
Unpaid balance,2025-08-09,0.0
Gross sales,2025-08-10,3190.98
Refunds,2025-08-10,0.0
Net sales,2025-08-10,3190.98
Overpayments,2025-08-10,0.0
Taxes expected,2025-08-10,290.94
Taxes collected,2025-08-10,290.7
Tips,2025-08-10,73.44
Amount collected,2025-08-10,3555.12
Unpaid balance,2025-08-10,0.0
Gross sales,2025-08-11,2186.2
Refunds,2025-08-11,0.0
Net sales,2025-08-11,2186.2
Overpayments,2025-08-11,0.0
Taxes expected,2025-08-11,199.16
Taxes collected,2025-08-11,199.16
Tips,2025-08-11,29.98
Amount collected,2025-08-11,2415.34
Unpaid balance,2025-08-11,0.0
Gross sales,2025-08-12,2273.87
Refunds,2025-08-12,0.0
Net sales,2025-08-12,2273.87
Overpayments,2025-08-12,0.0
Taxes expected,2025-08-12,207.26
Taxes collected,2025-08-12,207.26
Tips,2025-08-12,54.46
Amount collected,2025-08-12,2535.59
Unpaid balance,2025-08-12,0.0
Gross sales,2025-08-13,2406.11
Refunds,2025-08-13,0.0
Net sales,2025-08-13,2406.11
Overpayments,2025-08-13,0.0
Taxes expected,2025-08-13,223.56
Taxes collected,2025-08-13,223.56
Tips,2025-08-13,53.31
Amount collected,2025-08-13,2682.98
Unpaid balance,2025-08-13,0.0
Gross sales,2025-08-14,2752.44
Refunds,2025-08-14,0.0
Net sales,2025-08-14,2752.44
Overpayments,2025-08-14,0.0
Taxes expected,2025-08-14,251.56
Taxes collected,2025-08-14,251.56
Tips,2025-08-14,72.38
Amount collected,2025-08-14,3076.38
Unpaid balance,2025-08-14,0.0
Gross sales,2025-08-15,3349.0
Refunds,2025-08-15,0.0
Net sales,2025-08-15,3349.0
Overpayments,2025-08-15,0.0
Taxes expected,2025-08-15,302.64
Taxes collected,2025-08-15,302.64
Tips,2025-08-15,67.43
Amount collected,2025-08-15,3719.07
Unpaid balance,2025-08-15,0.0
Gross sales,2025-08-16,3890.75
Refunds,2025-08-16,0.0
Net sales,2025-08-16,3890.75
Overpayments,2025-08-16,0.0
Taxes expected,2025-08-16,352.45
Taxes collected,2025-08-16,352.45
Tips,2025-08-16,51.81
Amount collected,2025-08-16,4295.01
Unpaid balance,2025-08-16,0.0
Gross sales,2025-08-17,3050.72
Refunds,2025-08-17,0.0
Net sales,2025-08-17,3050.72
Overpayments,2025-08-17,0.0
Taxes expected,2025-08-17,283.3
Taxes collected,2025-08-17,283.3
Tips,2025-08-17,32.07
Amount collected,2025-08-17,3366.09
Unpaid balance,2025-08-17,0.0
Gross sales,2025-08-18,1936.66
Refunds,2025-08-18,0.0
Net sales,2025-08-18,1936.66
Overpayments,2025-08-18,0.0
Taxes expected,2025-08-18,176.85
Taxes collected,2025-08-18,176.65
Tips,2025-08-18,39.39
Amount collected,2025-08-18,2152.7
Unpaid balance,2025-08-18,0.0
Gross sales,2025-08-19,0.0
Refunds,2025-08-19,0.0
Net sales,2025-08-19,0.0
Overpayments,2025-08-19,0.0
Taxes expected,2025-08-19,0.0
Taxes collected,2025-08-19,0.0
Tips,2025-08-19,0.0
Amount collected,2025-08-19,0.0
Unpaid balance,2025-08-19,0.0
Gross sales,2025-08-20,2285.33
Refunds,2025-08-20,0.0
Net sales,2025-08-20,2285.33
Overpayments,2025-08-20,0.0
Taxes expected,2025-08-20,210.82
Taxes collected,2025-08-20,210.82
Tips,2025-08-20,31.63
Amount collected,2025-08-20,2527.78
Unpaid balance,2025-08-20,0.0
Gross sales,2025-08-21,2431.31
Refunds,2025-08-21,0.0
Net sales,2025-08-21,2431.31
Overpayments,2025-08-21,0.0
Taxes expected,2025-08-21,220.14
Taxes collected,2025-08-21,220.14
Tips,2025-08-21,35.35
Amount collected,2025-08-21,2686.8
Unpaid balance,2025-08-21,0.0
Gross sales,2025-08-22,2853.06
Refunds,2025-08-22,0.0
Net sales,2025-08-22,2853.06
Overpayments,2025-08-22,0.0
Taxes expected,2025-08-22,263.19
Taxes collected,2025-08-22,263.19
Tips,2025-08-22,31.85
Amount collected,2025-08-22,3148.1
Unpaid balance,2025-08-22,0.0
Gross sales,2025-08-23,3513.58
Refunds,2025-08-23,0.0
Net sales,2025-08-23,3513.58
Overpayments,2025-08-23,0.0
Taxes expected,2025-08-23,320.78
Taxes collected,2025-08-23,320.78
Tips,2025-08-23,45.28
Amount collected,2025-08-23,3879.64
Unpaid balance,2025-08-23,0.0
Gross sales,2025-08-24,3439.1
Refunds,2025-08-24,0.0
Net sales,2025-08-24,3439.1
Overpayments,2025-08-24,0.0
Taxes expected,2025-08-24,318.65
Taxes collected,2025-08-24,318.65
Tips,2025-08-24,46.79
Amount collected,2025-08-24,3804.54
Unpaid balance,2025-08-24,0.0
Gross sales,2025-08-25,1869.47
Refunds,2025-08-25,0.0
Net sales,2025-08-25,1869.47
Overpayments,2025-08-25,0.0
Taxes expected,2025-08-25,169.94
Taxes collected,2025-08-25,169.94
Tips,2025-08-25,33.41
Amount collected,2025-08-25,2072.82
Unpaid balance,2025-08-25,0.0
Gross sales,2025-08-26,1981.19
Refunds,2025-08-26,0.0
Net sales,2025-08-26,1981.19
Overpayments,2025-08-26,0.0
Taxes expected,2025-08-26,183.89
Taxes collected,2025-08-26,183.89
Tips,2025-08-26,52.09
Amount collected,2025-08-26,2217.17
Unpaid balance,2025-08-26,0.0
Gross sales,2025-08-27,2677.27
Refunds,2025-08-27,0.0
Net sales,2025-08-27,2677.27
Overpayments,2025-08-27,0.0
Taxes expected,2025-08-27,246.31
Taxes collected,2025-08-27,246.31
Tips,2025-08-27,42.93
Amount collected,2025-08-27,2966.51
Unpaid balance,2025-08-27,0.0
Gross sales,2025-08-28,2605.05
Refunds,2025-08-28,0.0
Net sales,2025-08-28,2605.05
Overpayments,2025-08-28,0.0
Taxes expected,2025-08-28,237.43
Taxes collected,2025-08-28,237.43
Tips,2025-08-28,28.28
Amount collected,2025-08-28,2870.76
Unpaid balance,2025-08-28,0.0
Gross sales,2025-08-29,3397.3
Refunds,2025-08-29,0.0
Net sales,2025-08-29,3397.3
Overpayments,2025-08-29,0.0
Taxes expected,2025-08-29,307.94
Taxes collected,2025-08-29,307.94
Tips,2025-08-29,76.29
Amount collected,2025-08-29,3781.53
Unpaid balance,2025-08-29,0.0
Gross sales,2025-08-30,3683.71
Refunds,2025-08-30,0.0
Net sales,2025-08-30,3683.71
Overpayments,2025-08-30,0.0
Taxes expected,2025-08-30,340.38
Taxes collected,2025-08-30,340.38
Tips,2025-08-30,58.79
Amount collected,2025-08-30,4082.88
Unpaid balance,2025-08-30,0.0
Gross sales,2025-08-31,2889.32
Refunds,2025-08-31,0.0
Net sales,2025-08-31,2889.32
Overpayments,2025-08-31,0.0
Taxes expected,2025-08-31,262.91
Taxes collected,2025-08-31,262.91
Tips,2025-08-31,45.93
Amount collected,2025-08-31,3198.16
Unpaid balance,2025-08-31,0.0
Gross sales,2025-09-01,1721.08
Refunds,2025-09-01,0.0
Net sales,2025-09-01,1721.08
Overpayments,2025-09-01,0.0
Taxes expected,2025-09-01,155.68
Taxes collected,2025-09-01,155.68
Tips,2025-09-01,32.75
Amount collected,2025-09-01,1909.51
Unpaid balance,2025-09-01,0.0
Gross sales,2025-09-02,2079.44
Refunds,2025-09-02,0.0
Net sales,2025-09-02,2079.44
Overpayments,2025-09-02,0.0
Taxes expected,2025-09-02,191.56
Taxes collected,2025-09-02,191.56
Tips,2025-09-02,40.32
Amount collected,2025-09-02,2311.32
Unpaid balance,2025-09-02,0.0
Gross sales,2025-09-03,2135.98
Refunds,2025-09-03,0.0
Net sales,2025-09-03,2135.98
Overpayments,2025-09-03,0.0
Taxes expected,2025-09-03,193.52
Taxes collected,2025-09-03,193.52
Tips,2025-09-03,43.3
Amount collected,2025-09-03,2372.8
Unpaid balance,2025-09-03,0.0
Gross sales,2025-09-04,2596.58
Refunds,2025-09-04,0.0
Net sales,2025-09-04,2596.58
Overpayments,2025-09-04,0.0
Taxes expected,2025-09-04,240.87
Taxes collected,2025-09-04,240.87
Tips,2025-09-04,63.35
Amount collected,2025-09-04,2900.8
Unpaid balance,2025-09-04,0.0
Gross sales,2025-09-05,3090.92
Refunds,2025-09-05,0.0
Net sales,2025-09-05,3090.92
Overpayments,2025-09-05,0.0
Taxes expected,2025-09-05,287.5
Taxes collected,2025-09-05,287.5
Tips,2025-09-05,58.13
Amount collected,2025-09-05,3436.55
Unpaid balance,2025-09-05,0.0
Gross sales,2025-09-06,3564.51
Refunds,2025-09-06,0.0
Net sales,2025-09-06,3564.51
Overpayments,2025-09-06,0.0
Taxes expected,2025-09-06,331.78
Taxes collected,2025-09-06,331.78
Tips,2025-09-06,81.85
Amount collected,2025-09-06,3978.14
Unpaid balance,2025-09-06,0.0
Gross sales,2025-09-07,2669.93
Refunds,2025-09-07,0.0
Net sales,2025-09-07,2669.93
Overpayments,2025-09-07,0.0
Taxes expected,2025-09-07,245.01
Taxes collected,2025-09-07,244.22
Tips,2025-09-07,71.27
Amount collected,2025-09-07,2985.42
Unpaid balance,2025-09-07,0.0
Gross sales,2025-09-08,1807.01
Refunds,2025-09-08,0.0
Net sales,2025-09-08,1807.01
Overpayments,2025-09-08,0.0
Taxes expected,2025-09-08,166.89
Taxes collected,2025-09-08,166.89
Tips,2025-09-08,39.97
Amount collected,2025-09-08,2013.87
Unpaid balance,2025-09-08,0.0
Gross sales,2025-09-09,0.0
Refunds,2025-09-09,0.0
Net sales,2025-09-09,0.0
Overpayments,2025-09-09,0.0
Taxes expected,2025-09-09,0.0
Taxes collected,2025-09-09,0.0
Tips,2025-09-09,0.0
Amount collected,2025-09-09,0.0
Unpaid balance,2025-09-09,0.0
Gross sales,2025-09-10,2027.28
Refunds,2025-09-10,0.0
Net sales,2025-09-10,2027.28
Overpayments,2025-09-10,0.0
Taxes expected,2025-09-10,188.4
Taxes collected,2025-09-10,188.4
Tips,2025-09-10,24.84
Amount collected,2025-09-10,2240.52
Unpaid balance,2025-09-10,0.0
Gross sales,2025-09-11,2591.95
Refunds,2025-09-11,0.0
Net sales,2025-09-11,2591.95
Overpayments,2025-09-11,0.0
Taxes expected,2025-09-11,235.69
Taxes collected,2025-09-11,234.52
Tips,2025-09-11,56.27
Amount collected,2025-09-11,2882.74
Unpaid balance,2025-09-11,0.0
Gross sales,2025-09-12,3217.87
Refunds,2025-09-12,0.0
Net sales,2025-09-12,3217.87
Overpayments,2025-09-12,0.0
Taxes expected,2025-09-12,299.11
Taxes collected,2025-09-12,299.11
Tips,2025-09-12,49.13
Amount collected,2025-09-12,3566.11
Unpaid balance,2025-09-12,0.0
Gross sales,2025-09-13,2945.34
Refunds,2025-09-13,0.0
Net sales,2025-09-13,2945.34
Overpayments,2025-09-13,0.0
Taxes expected,2025-09-13,274.03
Taxes collected,2025-09-13,274.03
Tips,2025-09-13,67.24
Amount collected,2025-09-13,3286.61
Unpaid balance,2025-09-13,0.0
Gross sales,2025-09-14,2817.18
Refunds,2025-09-14,0.0
Net sales,2025-09-14,2817.18
Overpayments,2025-09-14,0.0
Taxes expected,2025-09-14,262.16
Taxes collected,2025-09-14,262.16
Tips,2025-09-14,39.56
Amount collected,2025-09-14,3118.9
Unpaid balance,2025-09-14,0.0
Gross sales,2025-09-15,1917.39
Refunds,2025-09-15,0.0
Net sales,2025-09-15,1917.39
Overpayments,2025-09-15,0.0
Taxes expected,2025-09-15,173.35
Taxes collected,2025-09-15,173.35
Tips,2025-09-15,35.45
Amount collected,2025-09-15,2126.19
Unpaid balance,2025-09-15,0.0
Gross sales,2025-09-16,1791.72
Refunds,2025-09-16,0.0
Net sales,2025-09-16,1791.72
Overpayments,2025-09-16,0.0
Taxes expected,2025-09-16,164.12
Taxes collected,2025-09-16,164.12
Tips,2025-09-16,29.79
Amount collected,2025-09-16,1985.63
Unpaid balance,2025-09-16,0.0
Gross sales,2025-09-17,2513.76
Refunds,2025-09-17,0.0
Net sales,2025-09-17,2513.76
Overpayments,2025-09-17,0.0
Taxes expected,2025-09-17,227.49
Taxes collected,2025-09-17,227.49
Tips,2025-09-17,62.33
Amount collected,2025-09-17,2803.58
Unpaid balance,2025-09-17,0.0
Gross sales,2025-09-18,2356.26
Refunds,2025-09-18,0.0
Net sales,2025-09-18,2356.26
Overpayments,2025-09-18,0.0
Taxes expected,2025-09-18,217.08
Taxes collected,2025-09-18,217.08
Tips,2025-09-18,49.28
Amount collected,2025-09-18,2622.62
Unpaid balance,2025-09-18,0.0
Gross sales,2025-09-19,3297.84
Refunds,2025-09-19,0.0
Net sales,2025-09-19,3297.84
Overpayments,2025-09-19,0.0
Taxes expected,2025-09-19,298.37
Taxes collected,2025-09-19,298.37
Tips,2025-09-19,34.18
Amount collected,2025-09-19,3630.39
Unpaid balance,2025-09-19,0.0
Gross sales,2025-09-20,3307.8
Refunds,2025-09-20,0.0
Net sales,2025-09-20,3307.8
Overpayments,2025-09-20,0.0
Taxes expected,2025-09-20,304.8
Taxes collected,2025-09-20,304.8
Tips,2025-09-20,57.87
Amount collected,2025-09-20,3670.47
Unpaid balance,2025-09-20,0.0
Gross sales,2025-09-21,2769.03
Refunds,2025-09-21,0.0
Net sales,2025-09-21,2769.03
Overpayments,2025-09-21,0.0
Taxes expected,2025-09-21,257.08
Taxes collected,2025-09-21,257.08
Tips,2025-09-21,59.0
Amount collected,2025-09-21,3085.11
Unpaid balance,2025-09-21,0.0
Gross sales,2025-09-22,1709.46
Refunds,2025-09-22,0.0
Net sales,2025-09-22,1709.46
Overpayments,2025-09-22,0.0
Taxes expected,2025-09-22,155.29
Taxes collected,2025-09-22,155.29
Tips,2025-09-22,33.22
Amount collected,2025-09-22,1897.97
Unpaid balance,2025-09-22,0.0
Gross sales,2025-09-23,1782.78
Refunds,2025-09-23,0.0
Net sales,2025-09-23,1782.78
Overpayments,2025-09-23,0.0
Taxes expected,2025-09-23,161.25
Taxes collected,2025-09-23,161.25
Tips,2025-09-23,44.62
Amount collected,2025-09-23,1988.65
Unpaid balance,2025-09-23,0.0
Gross sales,2025-09-24,2314.86
Refunds,2025-09-24,0.0
Net sales,2025-09-24,2314.86
Overpayments,2025-09-24,0.0
Taxes expected,2025-09-24,211.34
Taxes collected,2025-09-24,211.34
Tips,2025-09-24,35.64
Amount collected,2025-09-24,2561.84
Unpaid balance,2025-09-24,0.0
Gross sales,2025-09-25,2260.38
Refunds,2025-09-25,0.0
Net sales,2025-09-25,2260.38
Overpayments,2025-09-25,0.0
Taxes expected,2025-09-25,210.01
Taxes collected,2025-09-25,210.01
Tips,2025-09-25,38.12
Amount collected,2025-09-25,2508.51
Unpaid balance,2025-09-25,0.0
Gross sales,2025-09-26,3126.06
Refunds,2025-09-26,0.0
Net sales,2025-09-26,3126.06
Overpayments,2025-09-26,0.0
Taxes expected,2025-09-26,288.36
Taxes collected,2025-09-26,287.92
Tips,2025-09-26,81.97
Amount collected,2025-09-26,3495.95
Unpaid balance,2025-09-26,0.0
Gross sales,2025-09-27,3041.91
Refunds,2025-09-27,0.0
Net sales,2025-09-27,3041.91
Overpayments,2025-09-27,0.0
Taxes expected,2025-09-27,277.87
Taxes collected,2025-09-27,277.87
Tips,2025-09-27,80.28
Amount collected,2025-09-27,3400.06
Unpaid balance,2025-09-27,0.0
Gross sales,2025-09-28,3238.81
Refunds,2025-09-28,0.0
Net sales,2025-09-28,3238.81
Overpayments,2025-09-28,0.0
Taxes expected,2025-09-28,297.81
Taxes collected,2025-09-28,297.81
Tips,2025-09-28,34.49
Amount collected,2025-09-28,3571.11
Unpaid balance,2025-09-28,0.0
Gross sales,2025-09-29,1837.42
Refunds,2025-09-29,0.0
Net sales,2025-09-29,1837.42
Overpayments,2025-09-29,0.0
Taxes expected,2025-09-29,166.61
Taxes collected,2025-09-29,166.61
Tips,2025-09-29,32.74
Amount collected,2025-09-29,2036.77
Unpaid balance,2025-09-29,0.0
Gross sales,2025-09-30,2225.03
Refunds,2025-09-30,0.0
Net sales,2025-09-30,2225.03
Overpayments,2025-09-30,0.0
Taxes expected,2025-09-30,203.05
Taxes collected,2025-09-30,203.05
Tips,2025-09-30,39.71
Amount collected,2025-09-30,2467.79
Unpaid balance,2025-09-30,0.0
Gross sales,2025-10-01,2203.91
Refunds,2025-10-01,0.0
Net sales,2025-10-01,2203.91
Overpayments,2025-10-01,0.0
Taxes expected,2025-10-01,201.73
Taxes collected,2025-10-01,201.73
Tips,2025-10-01,54.59
Amount collected,2025-10-01,2460.23
Unpaid balance,2025-10-01,0.0
Gross sales,2025-10-02,2191.53
Refunds,2025-10-02,0.0
Net sales,2025-10-02,2191.53
Overpayments,2025-10-02,0.0
Taxes expected,2025-10-02,199.71
Taxes collected,2025-10-02,199.71
Tips,2025-10-02,53.55
Amount collected,2025-10-02,2442.87
Unpaid balance,2025-10-02,1.92
Gross sales,2025-10-03,3204.22
Refunds,2025-10-03,0.0
Net sales,2025-10-03,3204.22
Overpayments,2025-10-03,0.0
Taxes expected,2025-10-03,293.04
Taxes collected,2025-10-03,293.04
Tips,2025-10-03,33.41
Amount collected,2025-10-03,3530.67
Unpaid balance,2025-10-03,0.0
Gross sales,2025-10-04,3625.64
Refunds,2025-10-04,0.0
Net sales,2025-10-04,3625.64
Overpayments,2025-10-04,0.0
Taxes expected,2025-10-04,336.38
Taxes collected,2025-10-04,336.38
Tips,2025-10-04,36.86
Amount collected,2025-10-04,3998.88
Unpaid balance,2025-10-04,0.0
Gross sales,2025-10-05,3032.38
Refunds,2025-10-05,0.0
Net sales,2025-10-05,3032.38
Overpayments,2025-10-05,0.0
Taxes expected,2025-10-05,276.19
Taxes collected,2025-10-05,276.19
Tips,2025-10-05,62.12
Amount collected,2025-10-05,3363.93
Unpaid balance,2025-10-05,6.76
Gross sales,2025-10-06,2139.31
Refunds,2025-10-06,0.0
Net sales,2025-10-06,2139.31
Overpayments,2025-10-06,0.0
Taxes expected,2025-10-06,196.23
Taxes collected,2025-10-06,196.23
Tips,2025-10-06,20.46
Amount collected,2025-10-06,2356.0
Unpaid balance,2025-10-06,0.0
Gross sales,2025-10-07,2144.27
Refunds,2025-10-07,0.0
Net sales,2025-10-07,2144.27
Overpayments,2025-10-07,0.0
Taxes expected,2025-10-07,199.22
Taxes collected,2025-10-07,199.07
Tips,2025-10-07,49.72
Amount collected,2025-10-07,2393.06
Unpaid balance,2025-10-07,0.0
Gross sales,2025-10-08,2231.74
Refunds,2025-10-08,0.0
Net sales,2025-10-08,2231.74
Overpayments,2025-10-08,0.0
Taxes expected,2025-10-08,204.73
Taxes collected,2025-10-08,203.9
Tips,2025-10-08,22.2
Amount collected,2025-10-08,2457.84
Unpaid balance,2025-10-08,0.0
Gross sales,2025-10-09,2171.54
Refunds,2025-10-09,0.0
Net sales,2025-10-09,2171.54
Overpayments,2025-10-09,0.0
Taxes expected,2025-10-09,198.19
Taxes collected,2025-10-09,198.19
Tips,2025-10-09,20.74
Amount collected,2025-10-09,2390.47
Unpaid balance,2025-10-09,0.0
Gross sales,2025-10-10,3431.11
Refunds,2025-10-10,0.0
Net sales,2025-10-10,3431.11
Overpayments,2025-10-10,0.0
Taxes expected,2025-10-10,314.35
Taxes collected,2025-10-10,314.35
Tips,2025-10-10,78.09
Amount collected,2025-10-10,3823.55
Unpaid balance,2025-10-10,0.0
Gross sales,2025-10-11,3130.97
Refunds,2025-10-11,0.0
Net sales,2025-10-11,3130.97
Overpayments,2025-10-11,0.0
Taxes expected,2025-10-11,284.0
Taxes collected,2025-10-11,284.0
Tips,2025-10-11,37.59
Amount collected,2025-10-11,3452.56
Unpaid balance,2025-10-11,0.0
Gross sales,2025-10-12,2765.23
Refunds,2025-10-12,0.0
Net sales,2025-10-12,2765.23
Overpayments,2025-10-12,0.29
Taxes expected,2025-10-12,257.0
Taxes collected,2025-10-12,257.0
Tips,2025-10-12,53.08
Amount collected,2025-10-12,3075.6
Unpaid balance,2025-10-12,0.0
Gross sales,2025-10-13,1730.75
Refunds,2025-10-13,0.0
Net sales,2025-10-13,1730.75
Overpayments,2025-10-13,0.0
Taxes expected,2025-10-13,159.31
Taxes collected,2025-10-13,159.31
Tips,2025-10-13,23.73
Amount collected,2025-10-13,1913.79
Unpaid balance,2025-10-13,0.0
Gross sales,2025-10-14,2117.25
Refunds,2025-10-14,0.0
Net sales,2025-10-14,2117.25
Overpayments,2025-10-14,0.0
Taxes expected,2025-10-14,195.36
Taxes collected,2025-10-14,195.36
Tips,2025-10-14,34.47
Amount collected,2025-10-14,2347.08
Unpaid balance,2025-10-14,0.0
Gross sales,2025-10-15,2400.09
Refunds,2025-10-15,0.0
Net sales,2025-10-15,2400.09
Overpayments,2025-10-15,0.0
Taxes expected,2025-10-15,220.57
Taxes collected,2025-10-15,220.57
Tips,2025-10-15,45.38
Amount collected,2025-10-15,2666.04
Unpaid balance,2025-10-15,0.0
Gross sales,2025-10-16,2547.98
Refunds,2025-10-16,0.0
Net sales,2025-10-16,2547.98
Overpayments,2025-10-16,0.0
Taxes expected,2025-10-16,230.32
Taxes collected,2025-10-16,230.32
Tips,2025-10-16,61.33
Amount collected,2025-10-16,2839.63
Unpaid balance,2025-10-16,0.0
Gross sales,2025-10-17,3242.4
Refunds,2025-10-17,0.0
Net sales,2025-10-17,3242.4
Overpayments,2025-10-17,0.0
Taxes expected,2025-10-17,295.81
Taxes collected,2025-10-17,295.81
Tips,2025-10-17,84.81
Amount collected,2025-10-17,3623.02
Unpaid balance,2025-10-17,0.0
Gross sales,2025-10-18,3712.68
Refunds,2025-10-18,0.0
Net sales,2025-10-18,3712.68
Overpayments,2025-10-18,0.0
Taxes expected,2025-10-18,336.22
Taxes collected,2025-10-18,336.22
Tips,2025-10-18,67.96
Amount collected,2025-10-18,4116.86
Unpaid balance,2025-10-18,0.0
Gross sales,2025-10-19,3040.14
Refunds,2025-10-19,0.0
Net sales,2025-10-19,3040.14
Overpayments,2025-10-19,0.0
Taxes expected,2025-10-19,279.89
Taxes collected,2025-10-19,279.89
Tips,2025-10-19,64.79
Amount collected,2025-10-19,3384.82
Unpaid balance,2025-10-19,0.0
Gross sales,2025-10-20,2101.8
Refunds,2025-10-20,0.0
Net sales,2025-10-20,2101.8
Overpayments,2025-10-20,0.0
Taxes expected,2025-10-20,195.44
Taxes collected,2025-10-20,195.44
Tips,2025-10-20,37.32
Amount collected,2025-10-20,2334.56
Unpaid balance,2025-10-20,0.0
Gross sales,2025-10-21,1906.87
Refunds,2025-10-21,0.0
Net sales,2025-10-21,1906.87
Overpayments,2025-10-21,0.0
Taxes expected,2025-10-21,177.08
Taxes collected,2025-10-21,177.08
Tips,2025-10-21,47.04
Amount collected,2025-10-21,2130.99
Unpaid balance,2025-10-21,0.0
Gross sales,2025-10-22,2453.43
Refunds,2025-10-22,0.0
Net sales,2025-10-22,2453.43
Overpayments,2025-10-22,0.0
Taxes expected,2025-10-22,222.86
Taxes collected,2025-10-22,222.86
Tips,2025-10-22,31.71
Amount collected,2025-10-22,2708.0
Unpaid balance,2025-10-22,0.0
Gross sales,2025-10-23,2269.11
Refunds,2025-10-23,0.0
Net sales,2025-10-23,2269.11
Overpayments,2025-10-23,0.0
Taxes expected,2025-10-23,206.97
Taxes collected,2025-10-23,206.97
Tips,2025-10-23,53.72
Amount collected,2025-10-23,2517.2
Unpaid balance,2025-10-23,12.6
Gross sales,2025-10-24,2989.28
Refunds,2025-10-24,0.0
Net sales,2025-10-24,2989.28
Overpayments,2025-10-24,0.0
Taxes expected,2025-10-24,274.17
Taxes collected,2025-10-24,274.17
Tips,2025-10-24,58.09
Amount collected,2025-10-24,3321.54
Unpaid balance,2025-10-24,0.0
Gross sales,2025-10-25,3032.23
Refunds,2025-10-25,0.0
Net sales,2025-10-25,3032.23
Overpayments,2025-10-25,0.0
Taxes expected,2025-10-25,277.56
Taxes collected,2025-10-25,277.56
Tips,2025-10-25,32.51
Amount collected,2025-10-25,3342.3
Unpaid balance,2025-10-25,0.0
Gross sales,2025-10-26,2858.29
Refunds,2025-10-26,0.0
Net sales,2025-10-26,2858.29
Overpayments,2025-10-26,0.0
Taxes expected,2025-10-26,263.13
Taxes collected,2025-10-26,263.13
Tips,2025-10-26,46.87
Amount collected,2025-10-26,3168.29
Unpaid balance,2025-10-26,0.0
Gross sales,2025-10-27,1975.12
Refunds,2025-10-27,0.0
Net sales,2025-10-27,1975.12
Overpayments,2025-10-27,0.0
Taxes expected,2025-10-27,182.99
Taxes collected,2025-10-27,182.99
Tips,2025-10-27,51.78
Amount collected,2025-10-27,2209.89
Unpaid balance,2025-10-27,0.0
Gross sales,2025-10-28,2203.47
Refunds,2025-10-28,0.0
Net sales,2025-10-28,2203.47
Overpayments,2025-10-28,0.0
Taxes expected,2025-10-28,201.13
Taxes collected,2025-10-28,201.13
Tips,2025-10-28,47.78
Amount collected,2025-10-28,2452.38
Unpaid balance,2025-10-28,0.0
Gross sales,2025-10-29,2404.14
Refunds,2025-10-29,0.0
Net sales,2025-10-29,2404.14
Overpayments,2025-10-29,0.0
Taxes expected,2025-10-29,217.44
Taxes collected,2025-10-29,217.44
Tips,2025-10-29,26.51
Amount collected,2025-10-29,2648.09
Unpaid balance,2025-10-29,0.0
Gross sales,2025-10-30,2366.48
Refunds,2025-10-30,0.0
Net sales,2025-10-30,2366.48
Overpayments,2025-10-30,0.0
Taxes expected,2025-10-30,219.56
Taxes collected,2025-10-30,219.56
Tips,2025-10-30,48.93
Amount collected,2025-10-30,2634.97
Unpaid balance,2025-10-30,0.0
Gross sales,2025-10-31,3279.75
Refunds,2025-10-31,0.0
Net sales,2025-10-31,3279.75
Overpayments,2025-10-31,0.0
Taxes expected,2025-10-31,303.18
Taxes collected,2025-10-31,303.18
Tips,2025-10-31,76.84
Amount collected,2025-10-31,3659.77
Unpaid balance,2025-10-31,0.0
Gross sales,2025-11-01,3227.45
Refunds,2025-11-01,0.0
Net sales,2025-11-01,3227.45
Overpayments,2025-11-01,0.0
Taxes expected,2025-11-01,292.49
Taxes collected,2025-11-01,292.49
Tips,2025-11-01,46.54
Amount collected,2025-11-01,3566.48
Unpaid balance,2025-11-01,0.0
Gross sales,2025-11-02,3359.15
Refunds,2025-11-02,0.0
Net sales,2025-11-02,3359.15
Overpayments,2025-11-02,0.0
Taxes expected,2025-11-02,311.84
Taxes collected,2025-11-02,311.84
Tips,2025-11-02,86.2
Amount collected,2025-11-02,3757.19
Unpaid balance,2025-11-02,0.0
Gross sales,2025-11-03,2103.26
Refunds,2025-11-03,0.0
Net sales,2025-11-03,2103.26
Overpayments,2025-11-03,0.0
Taxes expected,2025-11-03,190.74
Taxes collected,2025-11-03,190.74
Tips,2025-11-03,41.99
Amount collected,2025-11-03,2335.99
Unpaid balance,2025-11-03,0.0
Gross sales,2025-11-04,0.0
Refunds,2025-11-04,0.0
Net sales,2025-11-04,0.0
Overpayments,2025-11-04,0.0
Taxes expected,2025-11-04,0.0
Taxes collected,2025-11-04,0.0
Tips,2025-11-04,0.0
Amount collected,2025-11-04,0.0
Unpaid balance,2025-11-04,0.0
Gross sales,2025-11-05,2585.71
Refunds,2025-11-05,0.0
Net sales,2025-11-05,2585.71
Overpayments,2025-11-05,0.0
Taxes expected,2025-11-05,236.87
Taxes collected,2025-11-05,236.87
Tips,2025-11-05,47.43
Amount collected,2025-11-05,2870.01
Unpaid balance,2025-11-05,0.0
Gross sales,2025-11-06,2386.38
Refunds,2025-11-06,0.0
Net sales,2025-11-06,2386.38
Overpayments,2025-11-06,0.0
Taxes expected,2025-11-06,219.71
Taxes collected,2025-11-06,219.71
Tips,2025-11-06,46.89
Amount collected,2025-11-06,2652.98
Unpaid balance,2025-11-06,0.0
Gross sales,2025-11-07,3464.54
Refunds,2025-11-07,0.0
Net sales,2025-11-07,3464.54
Overpayments,2025-11-07,0.0
Taxes expected,2025-11-07,313.11
Taxes collected,2025-11-07,313.11
Tips,2025-11-07,35.95
Amount collected,2025-11-07,3813.6
Unpaid balance,2025-11-07,0.0
Gross sales,2025-11-08,3666.59
Refunds,2025-11-08,0.0
Net sales,2025-11-08,3666.59
Overpayments,2025-11-08,0.0
Taxes expected,2025-11-08,336.74
Taxes collected,2025-11-08,336.74
Tips,2025-11-08,96.35
Amount collected,2025-11-08,4099.68
Unpaid balance,2025-11-08,0.0
Gross sales,2025-11-09,3073.57
Refunds,2025-11-09,0.0
Net sales,2025-11-09,3073.57
Overpayments,2025-11-09,0.0
Taxes expected,2025-11-09,279.03
Taxes collected,2025-11-09,279.03
Tips,2025-11-09,63.91
Amount collected,2025-11-09,3416.51
Unpaid balance,2025-11-09,0.0
Gross sales,2025-11-10,2033.49
Refunds,2025-11-10,0.0
Net sales,2025-11-10,2033.49
Overpayments,2025-11-10,0.0
Taxes expected,2025-11-10,188.76
Taxes collected,2025-11-10,188.76
Tips,2025-11-10,29.19
Amount collected,2025-11-10,2251.44
Unpaid balance,2025-11-10,0.0
Gross sales,2025-11-11,2085.75
Refunds,2025-11-11,0.0
Net sales,2025-11-11,2085.75
Overpayments,2025-11-11,0.0
Taxes expected,2025-11-11,193.84
Taxes collected,2025-11-11,193.84
Tips,2025-11-11,29.51
Amount collected,2025-11-11,2309.1
Unpaid balance,2025-11-11,0.0
Gross sales,2025-11-12,2736.83
Refunds,2025-11-12,0.0
Net sales,2025-11-12,2736.83
Overpayments,2025-11-12,0.0
Taxes expected,2025-11-12,251.79
Taxes collected,2025-11-12,251.79
Tips,2025-11-12,70.68
Amount collected,2025-11-12,3059.3
Unpaid balance,2025-11-12,0.0
Gross sales,2025-11-13,2459.6
Refunds,2025-11-13,0.0
Net sales,2025-11-13,2459.6
Overpayments,2025-11-13,0.0
Taxes expected,2025-11-13,228.93
Taxes collected,2025-11-13,228.93
Tips,2025-11-13,47.55
Amount collected,2025-11-13,2736.08
Unpaid balance,2025-11-13,0.0
Gross sales,2025-11-14,3100.03
Refunds,2025-11-14,0.0
Net sales,2025-11-14,3100.03
Overpayments,2025-11-14,0.0
Taxes expected,2025-11-14,280.36
Taxes collected,2025-11-14,280.36
Tips,2025-11-14,61.99
Amount collected,2025-11-14,3442.38
Unpaid balance,2025-11-14,0.0
Gross sales,2025-11-15,3322.61
Refunds,2025-11-15,0.0
Net sales,2025-11-15,3322.61
Overpayments,2025-11-15,0.0
Taxes expected,2025-11-15,308.4
Taxes collected,2025-11-15,308.4
Tips,2025-11-15,49.92
Amount collected,2025-11-15,3680.93
Unpaid balance,2025-11-15,0.0
Gross sales,2025-11-16,3319.73
Refunds,2025-11-16,0.0
Net sales,2025-11-16,3319.73
Overpayments,2025-11-16,0.0
Taxes expected,2025-11-16,305.05
Taxes collected,2025-11-16,305.05
Tips,2025-11-16,33.2
Amount collected,2025-11-16,3657.98
Unpaid balance,2025-11-16,0.0
Gross sales,2025-11-17,1888.85
Refunds,2025-11-17,0.0
Net sales,2025-11-17,1888.85
Overpayments,2025-11-17,0.0
Taxes expected,2025-11-17,173.72
Taxes collected,2025-11-17,173.72
Tips,2025-11-17,22.61
Amount collected,2025-11-17,2085.18
Unpaid balance,2025-11-17,0.0
Gross sales,2025-11-18,0.0
Refunds,2025-11-18,0.0
Net sales,2025-11-18,0.0
Overpayments,2025-11-18,0.0
Taxes expected,2025-11-18,0.0
Taxes collected,2025-11-18,0.0
Tips,2025-11-18,0.0
Amount collected,2025-11-18,0.0
Unpaid balance,2025-11-18,0.0
Gross sales,2025-11-19,2285.13
Refunds,2025-11-19,0.0
Net sales,2025-11-19,2285.13
Overpayments,2025-11-19,0.0
Taxes expected,2025-11-19,207.31
Taxes collected,2025-11-19,207.31
Tips,2025-11-19,44.36
Amount collected,2025-11-19,2536.8
Unpaid balance,2025-11-19,0.0
Gross sales,2025-11-20,2317.0
Refunds,2025-11-20,0.0
Net sales,2025-11-20,2317.0
Overpayments,2025-11-20,0.0
Taxes expected,2025-11-20,215.56
Taxes collected,2025-11-20,215.56
Tips,2025-11-20,52.54
Amount collected,2025-11-20,2585.1
Unpaid balance,2025-11-20,0.0
Gross sales,2025-11-21,3526.92
Refunds,2025-11-21,0.0
Net sales,2025-11-21,3526.92
Overpayments,2025-11-21,0.0
Taxes expected,2025-11-21,319.55
Taxes collected,2025-11-21,319.55
Tips,2025-11-21,41.74
Amount collected,2025-11-21,3888.21
Unpaid balance,2025-11-21,0.0
Gross sales,2025-11-22,3505.03
Refunds,2025-11-22,0.0
Net sales,2025-11-22,3505.03
Overpayments,2025-11-22,0.0
Taxes expected,2025-11-22,318.45
Taxes collected,2025-11-22,318.45
Tips,2025-11-22,43.54
Amount collected,2025-11-22,3867.02
Unpaid balance,2025-11-22,0.0
Gross sales,2025-11-23,2881.67
Refunds,2025-11-23,0.0
Net sales,2025-11-23,2881.67
Overpayments,2025-11-23,0.0
Taxes expected,2025-11-23,266.29
Taxes collected,2025-11-23,266.29
Tips,2025-11-23,30.89
Amount collected,2025-11-23,3178.85
Unpaid balance,2025-11-23,0.0
Gross sales,2025-11-24,2069.96
Refunds,2025-11-24,0.0
Net sales,2025-11-24,2069.96
Overpayments,2025-11-24,0.0
Taxes expected,2025-11-24,188.24
Taxes collected,2025-11-24,188.24
Tips,2025-11-24,37.1
Amount collected,2025-11-24,2295.3
Unpaid balance,2025-11-24,0.0
Gross sales,2025-11-25,1949.05
Refunds,2025-11-25,0.0
Net sales,2025-11-25,1949.05
Overpayments,2025-11-25,0.0
Taxes expected,2025-11-25,178.35
Taxes collected,2025-11-25,178.35
Tips,2025-11-25,26.36
Amount collected,2025-11-25,2153.76
Unpaid balance,2025-11-25,0.0
Gross sales,2025-11-26,2579.17
Refunds,2025-11-26,0.0
Net sales,2025-11-26,2579.17
Overpayments,2025-11-26,0.0
Taxes expected,2025-11-26,235.35
Taxes collected,2025-11-26,235.35
Tips,2025-11-26,46.78
Amount collected,2025-11-26,2861.3
Unpaid balance,2025-11-26,0.0
Gross sales,2025-11-27,0.0
Refunds,2025-11-27,0.0
Net sales,2025-11-27,0.0
Overpayments,2025-11-27,0.0
Taxes expected,2025-11-27,0.0
Taxes collected,2025-11-27,0.0
Tips,2025-11-27,0.0
Amount collected,2025-11-27,0.0
Unpaid balance,2025-11-27,0.0
Gross sales,2025-11-28,3612.98
Refunds,2025-11-28,0.0
Net sales,2025-11-28,3612.98
Overpayments,2025-11-28,0.0
Taxes expected,2025-11-28,326.99
Taxes collected,2025-11-28,326.99
Tips,2025-11-28,95.9
Amount collected,2025-11-28,4035.87
Unpaid balance,2025-11-28,0.0
Gross sales,2025-11-29,3583.84
Refunds,2025-11-29,0.0
Net sales,2025-11-29,3583.84
Overpayments,2025-11-29,1.7
Taxes expected,2025-11-29,326.64
Taxes collected,2025-11-29,326.64
Tips,2025-11-29,51.26
Amount collected,2025-11-29,3963.44
Unpaid balance,2025-11-29,0.0
Gross sales,2025-11-30,2929.09
Refunds,2025-11-30,0.0
Net sales,2025-11-30,2929.09
Overpayments,2025-11-30,0.0
Taxes expected,2025-11-30,266.19
Taxes collected,2025-11-30,266.19
Tips,2025-11-30,65.06
Amount collected,2025-11-30,3260.34
Unpaid balance,2025-11-30,0.0
Gross sales,2025-12-01,1900.11
Refunds,2025-12-01,0.0
Net sales,2025-12-01,1900.11
Overpayments,2025-12-01,0.0
Taxes expected,2025-12-01,173.94
Taxes collected,2025-12-01,173.94
Tips,2025-12-01,24.37
Amount collected,2025-12-01,2098.42
Unpaid balance,2025-12-01,0.0
Gross sales,2025-12-02,2110.82
Refunds,2025-12-02,0.0
Net sales,2025-12-02,2110.82
Overpayments,2025-12-02,0.0
Taxes expected,2025-12-02,194.9
Taxes collected,2025-12-02,194.9
Tips,2025-12-02,27.54
Amount collected,2025-12-02,2333.26
Unpaid balance,2025-12-02,0.0
Gross sales,2025-12-03,2509.68
Refunds,2025-12-03,0.0
Net sales,2025-12-03,2509.68
Overpayments,2025-12-03,0.0
Taxes expected,2025-12-03,228.74
Taxes collected,2025-12-03,228.74
Tips,2025-12-03,52.61
Amount collected,2025-12-03,2791.03
Unpaid balance,2025-12-03,0.0
Gross sales,2025-12-04,2565.43
Refunds,2025-12-04,0.0
Net sales,2025-12-04,2565.43
Overpayments,2025-12-04,0.0
Taxes expected,2025-12-04,238.48
Taxes collected,2025-12-04,238.48
Tips,2025-12-04,62.34
Amount collected,2025-12-04,2866.25
Unpaid balance,2025-12-04,0.0
Gross sales,2025-12-05,3315.83
Refunds,2025-12-05,0.0
Net sales,2025-12-05,3315.83
Overpayments,2025-12-05,0.0
Taxes expected,2025-12-05,305.62
Taxes collected,2025-12-05,305.62
Tips,2025-12-05,84.49
Amount collected,2025-12-05,3705.94
Unpaid balance,2025-12-05,0.0
Gross sales,2025-12-06,3801.02
Refunds,2025-12-06,0.0
Net sales,2025-12-06,3801.02
Overpayments,2025-12-06,0.0
Taxes expected,2025-12-06,343.49
Taxes collected,2025-12-06,343.49
Tips,2025-12-06,51.96
Amount collected,2025-12-06,4196.47
Unpaid balance,2025-12-06,0.0
Gross sales,2025-12-07,3378.71
Refunds,2025-12-07,0.0
Net sales,2025-12-07,3378.71
Overpayments,2025-12-07,0.0
Taxes expected,2025-12-07,306.44
Taxes collected,2025-12-07,306.44
Tips,2025-12-07,57.43
Amount collected,2025-12-07,3742.58
Unpaid balance,2025-12-07,0.0
Gross sales,2025-12-08,1888.83
Refunds,2025-12-08,0.0
Net sales,2025-12-08,1888.83
Overpayments,2025-12-08,0.0
Taxes expected,2025-12-08,175.26
Taxes collected,2025-12-08,175.26
Tips,2025-12-08,29.83
Amount collected,2025-12-08,2093.92
Unpaid balance,2025-12-08,0.0
Gross sales,2025-12-09,2195.99
Refunds,2025-12-09,0.0
Net sales,2025-12-09,2195.99
Overpayments,2025-12-09,0.0
Taxes expected,2025-12-09,201.88
Taxes collected,2025-12-09,201.88
Tips,2025-12-09,35.21
Amount collected,2025-12-09,2433.08
Unpaid balance,2025-12-09,0.0
Gross sales,2025-12-10,2776.82
Refunds,2025-12-10,0.0
Net sales,2025-12-10,2776.82
Overpayments,2025-12-10,0.0
Taxes expected,2025-12-10,256.51
Taxes collected,2025-12-10,256.51
Tips,2025-12-10,46.59
Amount collected,2025-12-10,3079.92
Unpaid balance,2025-12-10,0.0
Gross sales,2025-12-11,2868.29
Refunds,2025-12-11,0.0
Net sales,2025-12-11,2868.29
Overpayments,2025-12-11,0.0
Taxes expected,2025-12-11,261.61
Taxes collected,2025-12-11,261.61
Tips,2025-12-11,64.04
Amount collected,2025-12-11,3193.94
Unpaid balance,2025-12-11,0.0
Gross sales,2025-12-12,3422.33
Refunds,2025-12-12,0.0
Net sales,2025-12-12,3422.33
Overpayments,2025-12-12,0.0
Taxes expected,2025-12-12,317.42
Taxes collected,2025-12-12,317.42
Tips,2025-12-12,86.52
Amount collected,2025-12-12,3826.27
Unpaid balance,2025-12-12,0.0
Gross sales,2025-12-13,3747.43
Refunds,2025-12-13,0.0
Net sales,2025-12-13,3747.43
Overpayments,2025-12-13,0.0
Taxes expected,2025-12-13,347.74
Taxes collected,2025-12-13,347.74
Tips,2025-12-13,75.14
Amount collected,2025-12-13,4170.31
Unpaid balance,2025-12-13,0.0
Gross sales,2025-12-14,3515.93
Refunds,2025-12-14,0.0
Net sales,2025-12-14,3515.93
Overpayments,2025-12-14,0.96
Taxes expected,2025-12-14,324.46
Taxes collected,2025-12-14,324.46
Tips,2025-12-14,46.82
Amount collected,2025-12-14,3888.17
Unpaid balance,2025-12-14,0.0
Gross sales,2025-12-15,1945.67
Refunds,2025-12-15,0.0
Net sales,2025-12-15,1945.67
Overpayments,2025-12-15,0.0
Taxes expected,2025-12-15,177.72
Taxes collected,2025-12-15,177.72
Tips,2025-12-15,45.18
Amount collected,2025-12-15,2168.57
Unpaid balance,2025-12-15,0.0
Gross sales,2025-12-16,1987.37
Refunds,2025-12-16,0.0
Net sales,2025-12-16,1987.37
Overpayments,2025-12-16,0.0
Taxes expected,2025-12-16,180.29
Taxes collected,2025-12-16,180.29
Tips,2025-12-16,32.33
Amount collected,2025-12-16,2199.99
Unpaid balance,2025-12-16,0.0
Gross sales,2025-12-17,2575.38
Refunds,2025-12-17,0.0
Net sales,2025-12-17,2575.38
Overpayments,2025-12-17,0.0
Taxes expected,2025-12-17,237.14
Taxes collected,2025-12-17,237.14
Tips,2025-12-17,42.76
Amount collected,2025-12-17,2855.28
Unpaid balance,2025-12-17,0.0
Gross sales,2025-12-18,2515.92
Refunds,2025-12-18,0.0
Net sales,2025-12-18,2515.92
Overpayments,2025-12-18,0.0
Taxes expected,2025-12-18,234.25
Taxes collected,2025-12-18,234.25
Tips,2025-12-18,29.38
Amount collected,2025-12-18,2779.55
Unpaid balance,2025-12-18,0.0
Gross sales,2025-12-19,3826.81
Refunds,2025-12-19,0.0
Net sales,2025-12-19,3826.81
Overpayments,2025-12-19,0.0
Taxes expected,2025-12-19,351.08
Taxes collected,2025-12-19,351.08
Tips,2025-12-19,47.68
Amount collected,2025-12-19,4225.57
Unpaid balance,2025-12-19,0.0
Gross sales,2025-12-20,3297.88
Refunds,2025-12-20,0.0
Net sales,2025-12-20,3297.88
Overpayments,2025-12-20,0.0
Taxes expected,2025-12-20,305.95
Taxes collected,2025-12-20,305.95
Tips,2025-12-20,58.81
Amount collected,2025-12-20,3662.64
Unpaid balance,2025-12-20,0.0
Gross sales,2025-12-21,3512.88
Refunds,2025-12-21,0.0
Net sales,2025-12-21,3512.88
Overpayments,2025-12-21,0.0
Taxes expected,2025-12-21,321.87
Taxes collected,2025-12-21,321.87
Tips,2025-12-21,73.29
Amount collected,2025-12-21,3908.04
Unpaid balance,2025-12-21,0.0
Gross sales,2025-12-22,2164.7
Refunds,2025-12-22,0.0
Net sales,2025-12-22,2164.7
Overpayments,2025-12-22,0.0
Taxes expected,2025-12-22,200.23
Taxes collected,2025-12-22,200.23
Tips,2025-12-22,27.01
Amount collected,2025-12-22,2391.94
Unpaid balance,2025-12-22,0.0
Gross sales,2025-12-23,2260.85
Refunds,2025-12-23,0.0
Net sales,2025-12-23,2260.85
Overpayments,2025-12-23,0.0
Taxes expected,2025-12-23,205.42
Taxes collected,2025-12-23,205.42
Tips,2025-12-23,26.88
Amount collected,2025-12-23,2493.15
Unpaid balance,2025-12-23,0.0
Gross sales,2025-12-24,2686.33
Refunds,2025-12-24,0.0
Net sales,2025-12-24,2686.33
Overpayments,2025-12-24,0.44
Taxes expected,2025-12-24,250.02
Taxes collected,2025-12-24,250.02
Tips,2025-12-24,56.29
Amount collected,2025-12-24,2993.08
Unpaid balance,2025-12-24,0.0
Gross sales,2025-12-25,0.0
Refunds,2025-12-25,0.0
Net sales,2025-12-25,0.0
Overpayments,2025-12-25,0.0
Taxes expected,2025-12-25,0.0
Taxes collected,2025-12-25,0.0
Tips,2025-12-25,0.0
Amount collected,2025-12-25,0.0
Unpaid balance,2025-12-25,0.0
Gross sales,2025-12-26,3520.19
Refunds,2025-12-26,0.0
Net sales,2025-12-26,3520.19
Overpayments,2025-12-26,0.0
Taxes expected,2025-12-26,323.12
Taxes collected,2025-12-26,323.12
Tips,2025-12-26,90.88
Amount collected,2025-12-26,3934.19
Unpaid balance,2025-12-26,0.0
Gross sales,2025-12-27,3825.09
Refunds,2025-12-27,0.0
Net sales,2025-12-27,3825.09
Overpayments,2025-12-27,0.0
Taxes expected,2025-12-27,353.51
Taxes collected,2025-12-27,353.51
Tips,2025-12-27,55.62
Amount collected,2025-12-27,4234.22
Unpaid balance,2025-12-27,0.0
Gross sales,2025-12-28,3344.26
Refunds,2025-12-28,0.0
Net sales,2025-12-28,3344.26
Overpayments,2025-12-28,0.0
Taxes expected,2025-12-28,305.07
Taxes collected,2025-12-28,305.07
Tips,2025-12-28,66.61
Amount collected,2025-12-28,3715.94
Unpaid balance,2025-12-28,0.0
Gross sales,2025-12-29,1866.45
Refunds,2025-12-29,0.0
Net sales,2025-12-29,1866.45
Overpayments,2025-12-29,0.0
Taxes expected,2025-12-29,169.66
Taxes collected,2025-12-29,169.66
Tips,2025-12-29,22.68
Amount collected,2025-12-29,2058.79
Unpaid balance,2025-12-29,0.0
Gross sales,2025-12-30,2286.35
Refunds,2025-12-30,0.0
Net sales,2025-12-30,2286.35
Overpayments,2025-12-30,0.0
Taxes expected,2025-12-30,208.65
Taxes collected,2025-12-30,208.65
Tips,2025-12-30,31.4
Amount collected,2025-12-30,2526.4
Unpaid balance,2025-12-30,0.0
Gross sales,2025-12-31,2512.67
Refunds,2025-12-31,0.0
Net sales,2025-12-31,2512.67
Overpayments,2025-12-31,0.0
Taxes expected,2025-12-31,233.91
Taxes collected,2025-12-31,233.91
Tips,2025-12-31,63.65
Amount collected,2025-12-31,2810.23
Unpaid balance,2025-12-31,0.0
Gross sales,2026-01-01,0.0
Refunds,2026-01-01,0.0
Net sales,2026-01-01,0.0
Overpayments,2026-01-01,0.0
Taxes expected,2026-01-01,0.0
Taxes collected,2026-01-01,0.0
Tips,2026-01-01,0.0
Amount collected,2026-01-01,0.0
Unpaid balance,2026-01-01,0.0
Gross sales,2026-01-02,3033.5
Refunds,2026-01-02,0.0
Net sales,2026-01-02,3033.5
Overpayments,2026-01-02,0.0
Taxes expected,2026-01-02,282.34
Taxes collected,2026-01-02,282.34
Tips,2026-01-02,41.53
Amount collected,2026-01-02,3357.37
Unpaid balance,2026-01-02,0.0
Gross sales,2026-01-03,3149.85
Refunds,2026-01-03,0.0
Net sales,2026-01-03,3149.85
Overpayments,2026-01-03,0.0
Taxes expected,2026-01-03,287.44
Taxes collected,2026-01-03,287.44
Tips,2026-01-03,51.08
Amount collected,2026-01-03,3488.37
Unpaid balance,2026-01-03,0.0
Gross sales,2026-01-04,3074.12
Refunds,2026-01-04,0.0
Net sales,2026-01-04,3074.12
Overpayments,2026-01-04,0.0
Taxes expected,2026-01-04,280.45
Taxes collected,2026-01-04,280.45
Tips,2026-01-04,76.92
Amount collected,2026-01-04,3431.49
Unpaid balance,2026-01-04,0.0
Gross sales,2026-01-05,1737.34
Refunds,2026-01-05,0.0
Net sales,2026-01-05,1737.34
Overpayments,2026-01-05,0.0
Taxes expected,2026-01-05,157.55
Taxes collected,2026-01-05,157.0
Tips,2026-01-05,26.36
Amount collected,2026-01-05,1920.7
Unpaid balance,2026-01-05,0.0
Gross sales,2026-01-06,1912.01
Refunds,2026-01-06,0.0
Net sales,2026-01-06,1912.01
Overpayments,2026-01-06,0.0
Taxes expected,2026-01-06,175.86
Taxes collected,2026-01-06,175.86
Tips,2026-01-06,18.59
Amount collected,2026-01-06,2106.46
Unpaid balance,2026-01-06,0.0
Gross sales,2026-01-07,2250.17
Refunds,2026-01-07,0.0
Net sales,2026-01-07,2250.17
Overpayments,2026-01-07,0.0
Taxes expected,2026-01-07,205.51
Taxes collected,2026-01-07,205.51
Tips,2026-01-07,25.79
Amount collected,2026-01-07,2481.47
Unpaid balance,2026-01-07,0.0
Gross sales,2026-01-08,2509.9
Refunds,2026-01-08,0.0
Net sales,2026-01-08,2509.9
Overpayments,2026-01-08,0.0
Taxes expected,2026-01-08,231.23
Taxes collected,2026-01-08,231.23
Tips,2026-01-08,37.54
Amount collected,2026-01-08,2778.67
Unpaid balance,2026-01-08,0.0
Gross sales,2026-01-09,2871.87
Refunds,2026-01-09,0.0
Net sales,2026-01-09,2871.87
Overpayments,2026-01-09,0.0
Taxes expected,2026-01-09,261.91
Taxes collected,2026-01-09,261.91
Tips,2026-01-09,69.55
Amount collected,2026-01-09,3203.33
Unpaid balance,2026-01-09,0.0
Gross sales,2026-01-10,3240.55
Refunds,2026-01-10,0.0
Net sales,2026-01-10,3240.55
Overpayments,2026-01-10,0.0
Taxes expected,2026-01-10,301.43
Taxes collected,2026-01-10,301.43
Tips,2026-01-10,43.52
Amount collected,2026-01-10,3585.5
Unpaid balance,2026-01-10,0.0
Gross sales,2026-01-11,2850.91
Refunds,2026-01-11,0.0
Net sales,2026-01-11,2850.91
Overpayments,2026-01-11,0.0
Taxes expected,2026-01-11,264.81
Taxes collected,2026-01-11,264.81
Tips,2026-01-11,31.66
Amount collected,2026-01-11,3147.38
Unpaid balance,2026-01-11,0.0
Gross sales,2026-01-12,1743.73
Refunds,2026-01-12,0.0
Net sales,2026-01-12,1743.73
Overpayments,2026-01-12,0.0
Taxes expected,2026-01-12,160.56
Taxes collected,2026-01-12,160.3
Tips,2026-01-12,42.04
Amount collected,2026-01-12,1946.07
Unpaid balance,2026-01-12,0.0
Gross sales,2026-01-13,1827.43
Refunds,2026-01-13,0.0
Net sales,2026-01-13,1827.43
Overpayments,2026-01-13,0.0
Taxes expected,2026-01-13,167.17
Taxes collected,2026-01-13,167.17
Tips,2026-01-13,48.3
Amount collected,2026-01-13,2042.9
Unpaid balance,2026-01-13,0.0
Gross sales,2026-01-14,2176.28
Refunds,2026-01-14,0.0
Net sales,2026-01-14,2176.28
Overpayments,2026-01-14,0.0
Taxes expected,2026-01-14,200.64
Taxes collected,2026-01-14,200.64
Tips,2026-01-14,41.96
Amount collected,2026-01-14,2418.88
Unpaid balance,2026-01-14,0.0
Gross sales,2026-01-15,2421.87
Refunds,2026-01-15,0.0
Net sales,2026-01-15,2421.87
Overpayments,2026-01-15,0.0
Taxes expected,2026-01-15,220.34
Taxes collected,2026-01-15,220.34
Tips,2026-01-15,44.67
Amount collected,2026-01-15,2686.88
Unpaid balance,2026-01-15,0.0
Gross sales,2026-01-16,2706.99
Refunds,2026-01-16,0.0
Net sales,2026-01-16,2706.99
Overpayments,2026-01-16,0.0
Taxes expected,2026-01-16,245.67
Taxes collected,2026-01-16,245.67
Tips,2026-01-16,51.6
Amount collected,2026-01-16,3004.26
Unpaid balance,2026-01-16,0.0
Gross sales,2026-01-17,3029.39
Refunds,2026-01-17,0.0
Net sales,2026-01-17,3029.39
Overpayments,2026-01-17,0.0
Taxes expected,2026-01-17,278.72
Taxes collected,2026-01-17,278.72
Tips,2026-01-17,48.78
Amount collected,2026-01-17,3356.89
Unpaid balance,2026-01-17,0.0
Gross sales,2026-01-18,2526.64
Refunds,2026-01-18,0.0
Net sales,2026-01-18,2526.64
Overpayments,2026-01-18,0.0
Taxes expected,2026-01-18,234.17
Taxes collected,2026-01-18,234.17
Tips,2026-01-18,51.62
Amount collected,2026-01-18,2812.43
Unpaid balance,2026-01-18,0.0
Gross sales,2026-01-19,1613.85
Refunds,2026-01-19,0.0
Net sales,2026-01-19,1613.85
Overpayments,2026-01-19,0.0
Taxes expected,2026-01-19,149.61
Taxes collected,2026-01-19,149.61
Tips,2026-01-19,17.19
Amount collected,2026-01-19,1779.02
Unpaid balance,2026-01-19,1.63
Gross sales,2026-01-20,0.0
Refunds,2026-01-20,0.0
Net sales,2026-01-20,0.0
Overpayments,2026-01-20,0.0
Taxes expected,2026-01-20,0.0
Taxes collected,2026-01-20,0.0
Tips,2026-01-20,0.0
Amount collected,2026-01-20,0.0
Unpaid balance,2026-01-20,0.0
Gross sales,2026-01-21,2195.3
Refunds,2026-01-21,0.0
Net sales,2026-01-21,2195.3
Overpayments,2026-01-21,0.0
Taxes expected,2026-01-21,203.02
Taxes collected,2026-01-21,203.02
Tips,2026-01-21,50.53
Amount collected,2026-01-21,2448.85
Unpaid balance,2026-01-21,0.0
Gross sales,2026-01-22,2455.68
Refunds,2026-01-22,0.0
Net sales,2026-01-22,2455.68
Overpayments,2026-01-22,0.0
Taxes expected,2026-01-22,226.42
Taxes collected,2026-01-22,226.42
Tips,2026-01-22,41.3
Amount collected,2026-01-22,2723.4
Unpaid balance,2026-01-22,0.0
Gross sales,2026-01-23,2491.38
Refunds,2026-01-23,0.0
Net sales,2026-01-23,2491.38
Overpayments,2026-01-23,0.0
Taxes expected,2026-01-23,227.26
Taxes collected,2026-01-23,227.26
Tips,2026-01-23,33.87
Amount collected,2026-01-23,2752.51
Unpaid balance,2026-01-23,0.0
Gross sales,2026-01-24,2733.43
Refunds,2026-01-24,0.0
Net sales,2026-01-24,2733.43
Overpayments,2026-01-24,0.0
Taxes expected,2026-01-24,247.45
Taxes collected,2026-01-24,247.45
Tips,2026-01-24,26.73
Amount collected,2026-01-24,3007.61
Unpaid balance,2026-01-24,0.0
Gross sales,2026-01-25,2819.62
Refunds,2026-01-25,0.0
Net sales,2026-01-25,2819.62
Overpayments,2026-01-25,0.0
Taxes expected,2026-01-25,255.08
Taxes collected,2026-01-25,255.08
Tips,2026-01-25,68.4
Amount collected,2026-01-25,3143.1
Unpaid balance,2026-01-25,0.0
Gross sales,2026-01-26,1744.02
Refunds,2026-01-26,0.0
Net sales,2026-01-26,1744.02
Overpayments,2026-01-26,0.0
Taxes expected,2026-01-26,161.17
Taxes collected,2026-01-26,161.17
Tips,2026-01-26,46.02
Amount collected,2026-01-26,1951.21
Unpaid balance,2026-01-26,0.0
Gross sales,2026-01-27,0.0
Refunds,2026-01-27,0.0
Net sales,2026-01-27,0.0
Overpayments,2026-01-27,0.0
Taxes expected,2026-01-27,0.0
Taxes collected,2026-01-27,0.0
Tips,2026-01-27,0.0
Amount collected,2026-01-27,0.0
Unpaid balance,2026-01-27,0.0
Gross sales,2026-01-28,2422.09
Refunds,2026-01-28,0.0
Net sales,2026-01-28,2422.09
Overpayments,2026-01-28,0.0
Taxes expected,2026-01-28,219.24
Taxes collected,2026-01-28,219.24
Tips,2026-01-28,60.95
Amount collected,2026-01-28,2702.28
Unpaid balance,2026-01-28,0.0
Gross sales,2026-01-29,2477.56
Refunds,2026-01-29,0.0
Net sales,2026-01-29,2477.56
Overpayments,2026-01-29,0.0
Taxes expected,2026-01-29,225.88
Taxes collected,2026-01-29,225.88
Tips,2026-01-29,32.35
Amount collected,2026-01-29,2735.79
Unpaid balance,2026-01-29,0.0
Gross sales,2026-01-30,2441.09
Refunds,2026-01-30,0.0
Net sales,2026-01-30,2441.09
Overpayments,2026-01-30,0.0
Taxes expected,2026-01-30,224.42
Taxes collected,2026-01-30,224.42
Tips,2026-01-30,38.17
Amount collected,2026-01-30,2703.68
Unpaid balance,2026-01-30,0.0
Gross sales,2026-01-31,3401.42
Refunds,2026-01-31,0.0
Net sales,2026-01-31,3401.42
Overpayments,2026-01-31,0.0
Taxes expected,2026-01-31,313.25
Taxes collected,2026-01-31,313.25
Tips,2026-01-31,50.58
Amount collected,2026-01-31,3765.25
Unpaid balance,2026-01-31,0.0
Gross sales,2026-02-01,2524.07
Refunds,2026-02-01,0.0
Net sales,2026-02-01,2524.07
Overpayments,2026-02-01,0.0
Taxes expected,2026-02-01,228.63
Taxes collected,2026-02-01,228.63
Tips,2026-02-01,25.42
Amount collected,2026-02-01,2778.12
Unpaid balance,2026-02-01,0.0
Gross sales,2026-02-02,1966.56
Refunds,2026-02-02,0.0
Net sales,2026-02-02,1966.56
Overpayments,2026-02-02,0.0
Taxes expected,2026-02-02,178.8
Taxes collected,2026-02-02,178.8
Tips,2026-02-02,38.26
Amount collected,2026-02-02,2183.62
Unpaid balance,2026-02-02,0.0
Gross sales,2026-02-03,1951.09
Refunds,2026-02-03,0.0
Net sales,2026-02-03,1951.09
Overpayments,2026-02-03,0.0
Taxes expected,2026-02-03,178.88
Taxes collected,2026-02-03,178.88
Tips,2026-02-03,43.69
Amount collected,2026-02-03,2173.66
Unpaid balance,2026-02-03,0.0
Gross sales,2026-02-04,2196.37
Refunds,2026-02-04,0.0
Net sales,2026-02-04,2196.37
Overpayments,2026-02-04,0.0
Taxes expected,2026-02-04,203.62
Taxes collected,2026-02-04,203.62
Tips,2026-02-04,40.17
Amount collected,2026-02-04,2440.16
Unpaid balance,2026-02-04,0.0
Gross sales,2026-02-05,2515.38
Refunds,2026-02-05,0.0
Net sales,2026-02-05,2515.38
Overpayments,2026-02-05,0.0
Taxes expected,2026-02-05,233.13
Taxes collected,2026-02-05,233.13
Tips,2026-02-05,44.89
Amount collected,2026-02-05,2793.4
Unpaid balance,2026-02-05,0.0
Gross sales,2026-02-06,3087.89
Refunds,2026-02-06,0.0
Net sales,2026-02-06,3087.89
Overpayments,2026-02-06,0.0
Taxes expected,2026-02-06,281.4
Taxes collected,2026-02-06,281.4
Tips,2026-02-06,61.48
Amount collected,2026-02-06,3430.77
Unpaid balance,2026-02-06,0.0
Gross sales,2026-02-07,3246.17
Refunds,2026-02-07,0.0
Net sales,2026-02-07,3246.17
Overpayments,2026-02-07,0.0
Taxes expected,2026-02-07,297.91
Taxes collected,2026-02-07,297.91
Tips,2026-02-07,57.25
Amount collected,2026-02-07,3601.33
Unpaid balance,2026-02-07,0.0
Gross sales,2026-02-08,3157.67
Refunds,2026-02-08,0.0
Net sales,2026-02-08,3157.67
Overpayments,2026-02-08,0.0
Taxes expected,2026-02-08,286.69
Taxes collected,2026-02-08,286.69
Tips,2026-02-08,51.06
Amount collected,2026-02-08,3495.42
Unpaid balance,2026-02-08,0.0
Gross sales,2026-02-09,2057.15
Refunds,2026-02-09,0.0
Net sales,2026-02-09,2057.15
Overpayments,2026-02-09,0.0
Taxes expected,2026-02-09,189.72
Taxes collected,2026-02-09,189.72
Tips,2026-02-09,45.67
Amount collected,2026-02-09,2292.54
Unpaid balance,2026-02-09,0.0
Gross sales,2026-02-10,1895.28
Refunds,2026-02-10,0.0
Net sales,2026-02-10,1895.28
Overpayments,2026-02-10,0.0
Taxes expected,2026-02-10,172.33
Taxes collected,2026-02-10,172.33
Tips,2026-02-10,45.18
Amount collected,2026-02-10,2112.79
Unpaid balance,2026-02-10,0.0
Gross sales,2026-02-11,2296.42
Refunds,2026-02-11,0.0
Net sales,2026-02-11,2296.42
Overpayments,2026-02-11,0.0
Taxes expected,2026-02-11,210.54
Taxes collected,2026-02-11,210.54
Tips,2026-02-11,27.95
Amount collected,2026-02-11,2534.91
Unpaid balance,2026-02-11,0.0
Gross sales,2026-02-12,2335.92
Refunds,2026-02-12,0.0
Net sales,2026-02-12,2335.92
Overpayments,2026-02-12,0.0
Taxes expected,2026-02-12,212.11
Taxes collected,2026-02-12,211.79
Tips,2026-02-12,62.44
Amount collected,2026-02-12,2610.15
Unpaid balance,2026-02-12,0.0
Gross sales,2026-02-13,2964.45
Refunds,2026-02-13,0.0
Net sales,2026-02-13,2964.45
Overpayments,2026-02-13,0.0
Taxes expected,2026-02-13,269.13
Taxes collected,2026-02-13,269.13
Tips,2026-02-13,30.53
Amount collected,2026-02-13,3264.11
Unpaid balance,2026-02-13,0.0
Gross sales,2026-02-14,3551.61
Refunds,2026-02-14,0.0
Net sales,2026-02-14,3551.61
Overpayments,2026-02-14,0.0
Taxes expected,2026-02-14,321.67
Taxes collected,2026-02-14,320.55
Tips,2026-02-14,80.31
Amount collected,2026-02-14,3952.47
Unpaid balance,2026-02-14,0.0
Gross sales,2026-02-15,2812.33
Refunds,2026-02-15,0.0
Net sales,2026-02-15,2812.33
Overpayments,2026-02-15,0.0
Taxes expected,2026-02-15,259.34
Taxes collected,2026-02-15,259.34
Tips,2026-02-15,60.26
Amount collected,2026-02-15,3131.93
Unpaid balance,2026-02-15,0.0
Gross sales,2026-02-16,2009.17
Refunds,2026-02-16,0.0
Net sales,2026-02-16,2009.17
Overpayments,2026-02-16,0.0
Taxes expected,2026-02-16,183.11
Taxes collected,2026-02-16,183.11
Tips,2026-02-16,36.48
Amount collected,2026-02-16,2228.76
Unpaid balance,2026-02-16,0.0
Gross sales,2026-02-17,2112.61
Refunds,2026-02-17,0.0
Net sales,2026-02-17,2112.61
Overpayments,2026-02-17,0.0
Taxes expected,2026-02-17,194.21
Taxes collected,2026-02-17,194.21
Tips,2026-02-17,52.49
Amount collected,2026-02-17,2359.31
Unpaid balance,2026-02-17,0.0
Gross sales,2026-02-18,2394.73
Refunds,2026-02-18,0.0
Net sales,2026-02-18,2394.73
Overpayments,2026-02-18,0.0
Taxes expected,2026-02-18,217.67
Taxes collected,2026-02-18,217.67
Tips,2026-02-18,37.31
Amount collected,2026-02-18,2649.71
Unpaid balance,2026-02-18,0.0
Gross sales,2026-02-19,2425.9
Refunds,2026-02-19,0.0
Net sales,2026-02-19,2425.9
Overpayments,2026-02-19,0.0
Taxes expected,2026-02-19,223.89
Taxes collected,2026-02-19,223.89
Tips,2026-02-19,36.37
Amount collected,2026-02-19,2686.16
Unpaid balance,2026-02-19,0.0
Gross sales,2026-02-20,3005.06
Refunds,2026-02-20,0.0
Net sales,2026-02-20,3005.06
Overpayments,2026-02-20,0.0
Taxes expected,2026-02-20,277.84
Taxes collected,2026-02-20,277.84
Tips,2026-02-20,62.81
Amount collected,2026-02-20,3345.71
Unpaid balance,2026-02-20,0.0
Gross sales,2026-02-21,3581.13
Refunds,2026-02-21,0.0
Net sales,2026-02-21,3581.13
Overpayments,2026-02-21,0.0
Taxes expected,2026-02-21,327.35
Taxes collected,2026-02-21,326.31
Tips,2026-02-21,90.9
Amount collected,2026-02-21,3998.34
Unpaid balance,2026-02-21,0.0
Gross sales,2026-02-22,2875.62
Refunds,2026-02-22,0.0
Net sales,2026-02-22,2875.62
Overpayments,2026-02-22,0.0
Taxes expected,2026-02-22,264.31
Taxes collected,2026-02-22,264.31
Tips,2026-02-22,67.79
Amount collected,2026-02-22,3207.72
Unpaid balance,2026-02-22,0.0
Gross sales,2026-02-23,1742.55
Refunds,2026-02-23,0.0
Net sales,2026-02-23,1742.55
Overpayments,2026-02-23,0.0
Taxes expected,2026-02-23,161.81
Taxes collected,2026-02-23,161.81
Tips,2026-02-23,32.97
Amount collected,2026-02-23,1937.33
Unpaid balance,2026-02-23,0.0
Gross sales,2026-02-24,1788.39
Refunds,2026-02-24,0.0
Net sales,2026-02-24,1788.39
Overpayments,2026-02-24,0.0
Taxes expected,2026-02-24,163.72
Taxes collected,2026-02-24,163.72
Tips,2026-02-24,30.92
Amount collected,2026-02-24,1983.03
Unpaid balance,2026-02-24,0.0
Gross sales,2026-02-25,2301.06
Refunds,2026-02-25,0.0
Net sales,2026-02-25,2301.06
Overpayments,2026-02-25,0.0
Taxes expected,2026-02-25,209.54
Taxes collected,2026-02-25,209.54
Tips,2026-02-25,57.53
Amount collected,2026-02-25,2568.13
Unpaid balance,2026-02-25,0.0
Gross sales,2026-02-26,2621.19
Refunds,2026-02-26,0.0
Net sales,2026-02-26,2621.19
Overpayments,2026-02-26,0.0
Taxes expected,2026-02-26,243.17
Taxes collected,2026-02-26,243.17
Tips,2026-02-26,66.91
Amount collected,2026-02-26,2931.27
Unpaid balance,2026-02-26,0.0
Gross sales,2026-02-27,2713.53
Refunds,2026-02-27,0.0
Net sales,2026-02-27,2713.53
Overpayments,2026-02-27,0.0
Taxes expected,2026-02-27,247.13
Taxes collected,2026-02-27,247.13
Tips,2026-02-27,32.91
Amount collected,2026-02-27,2993.57
Unpaid balance,2026-02-27,0.0
Gross sales,2026-02-28,3520.61
Refunds,2026-02-28,0.0
Net sales,2026-02-28,3520.61
Overpayments,2026-02-28,0.0
Taxes expected,2026-02-28,324.91
Taxes collected,2026-02-28,324.91
Tips,2026-02-28,49.93
Amount collected,2026-02-28,3895.45
Unpaid balance,2026-02-28,0.0
Gross sales,2026-03-01,3172.19
Refunds,2026-03-01,0.0
Net sales,2026-03-01,3172.19
Overpayments,2026-03-01,0.0
Taxes expected,2026-03-01,289.14
Taxes collected,2026-03-01,289.14
Tips,2026-03-01,76.94
Amount collected,2026-03-01,3538.27
Unpaid balance,2026-03-01,0.0
Gross sales,2026-03-02,1819.54
Refunds,2026-03-02,0.0
Net sales,2026-03-02,1819.54
Overpayments,2026-03-02,0.0
Taxes expected,2026-03-02,169.01
Taxes collected,2026-03-02,169.01
Tips,2026-03-02,34.99
Amount collected,2026-03-02,2023.54
Unpaid balance,2026-03-02,0.0
Gross sales,2026-03-03,1957.38
Refunds,2026-03-03,0.0
Net sales,2026-03-03,1957.38
Overpayments,2026-03-03,1.23
Taxes expected,2026-03-03,181.61
Taxes collected,2026-03-03,180.39
Tips,2026-03-03,33.83
Amount collected,2026-03-03,2172.83
Unpaid balance,2026-03-03,0.0
Gross sales,2026-03-04,2586.41
Refunds,2026-03-04,0.0
Net sales,2026-03-04,2586.41
Overpayments,2026-03-04,0.0
Taxes expected,2026-03-04,235.47
Taxes collected,2026-03-04,235.47
Tips,2026-03-04,37.17
Amount collected,2026-03-04,2859.05
Unpaid balance,2026-03-04,0.0
Gross sales,2026-03-05,2551.9
Refunds,2026-03-05,0.0
Net sales,2026-03-05,2551.9
Overpayments,2026-03-05,0.0
Taxes expected,2026-03-05,235.88
Taxes collected,2026-03-05,235.88
Tips,2026-03-05,41.6
Amount collected,2026-03-05,2829.38
Unpaid balance,2026-03-05,0.0
Gross sales,2026-03-06,3219.44
Refunds,2026-03-06,0.0
Net sales,2026-03-06,3219.44
Overpayments,2026-03-06,0.0
Taxes expected,2026-03-06,296.55
Taxes collected,2026-03-06,296.55
Tips,2026-03-06,74.15
Amount collected,2026-03-06,3590.14
Unpaid balance,2026-03-06,0.0
Gross sales,2026-03-07,3494.62
Refunds,2026-03-07,0.0
Net sales,2026-03-07,3494.62
Overpayments,2026-03-07,0.0
Taxes expected,2026-03-07,316.72
Taxes collected,2026-03-07,316.72
Tips,2026-03-07,88.66
Amount collected,2026-03-07,3900.0
Unpaid balance,2026-03-07,0.0
Gross sales,2026-03-08,2868.26
Refunds,2026-03-08,0.0
Net sales,2026-03-08,2868.26
Overpayments,2026-03-08,0.0
Taxes expected,2026-03-08,261.44
Taxes collected,2026-03-08,261.44
Tips,2026-03-08,34.97
Amount collected,2026-03-08,3164.67
Unpaid balance,2026-03-08,0.0
Gross sales,2026-03-09,1708.17
Refunds,2026-03-09,0.0
Net sales,2026-03-09,1708.17
Overpayments,2026-03-09,0.0
Taxes expected,2026-03-09,157.71
Taxes collected,2026-03-09,157.71
Tips,2026-03-09,39.73
Amount collected,2026-03-09,1905.61
Unpaid balance,2026-03-09,0.0
Gross sales,2026-03-10,0.0
Refunds,2026-03-10,0.0
Net sales,2026-03-10,0.0
Overpayments,2026-03-10,0.0
Taxes expected,2026-03-10,0.0
Taxes collected,2026-03-10,0.0
Tips,2026-03-10,0.0
Amount collected,2026-03-10,0.0
Unpaid balance,2026-03-10,0.0
Gross sales,2026-03-11,2373.8
Refunds,2026-03-11,0.0
Net sales,2026-03-11,2373.8
Overpayments,2026-03-11,0.0
Taxes expected,2026-03-11,216.66
Taxes collected,2026-03-11,216.66
Tips,2026-03-11,36.3
Amount collected,2026-03-11,2626.76
Unpaid balance,2026-03-11,0.0
Gross sales,2026-03-12,2373.16
Refunds,2026-03-12,0.0
Net sales,2026-03-12,2373.16
Overpayments,2026-03-12,0.0
Taxes expected,2026-03-12,220.46
Taxes collected,2026-03-12,220.46
Tips,2026-03-12,61.26
Amount collected,2026-03-12,2654.88
Unpaid balance,2026-03-12,0.0
Gross sales,2026-03-13,3306.39
Refunds,2026-03-13,0.0
Net sales,2026-03-13,3306.39
Overpayments,2026-03-13,0.0
Taxes expected,2026-03-13,306.5
Taxes collected,2026-03-13,306.5
Tips,2026-03-13,83.27
Amount collected,2026-03-13,3696.16
Unpaid balance,2026-03-13,0.0
Gross sales,2026-03-14,3255.56
Refunds,2026-03-14,0.0
Net sales,2026-03-14,3255.56
Overpayments,2026-03-14,0.0
Taxes expected,2026-03-14,299.33
Taxes collected,2026-03-14,299.33
Tips,2026-03-14,65.84
Amount collected,2026-03-14,3620.73
Unpaid balance,2026-03-14,0.0
Gross sales,2026-03-15,2832.56
Refunds,2026-03-15,0.0
Net sales,2026-03-15,2832.56
Overpayments,2026-03-15,0.0
Taxes expected,2026-03-15,262.75
Taxes collected,2026-03-15,261.36
Tips,2026-03-15,41.73
Amount collected,2026-03-15,3135.65
Unpaid balance,2026-03-15,0.0
Gross sales,2026-03-16,1793.79
Refunds,2026-03-16,0.0
Net sales,2026-03-16,1793.79
Overpayments,2026-03-16,0.0
Taxes expected,2026-03-16,165.64
Taxes collected,2026-03-16,165.64
Tips,2026-03-16,20.45
Amount collected,2026-03-16,1979.88
Unpaid balance,2026-03-16,0.0
Gross sales,2026-03-17,1838.98
Refunds,2026-03-17,0.0
Net sales,2026-03-17,1838.98
Overpayments,2026-03-17,0.0
Taxes expected,2026-03-17,167.95
Taxes collected,2026-03-17,167.95
Tips,2026-03-17,22.31
Amount collected,2026-03-17,2029.24
Unpaid balance,2026-03-17,0.0
Gross sales,2026-03-18,2562.61
Refunds,2026-03-18,0.0
Net sales,2026-03-18,2562.61
Overpayments,2026-03-18,0.0
Taxes expected,2026-03-18,238.45
Taxes collected,2026-03-18,236.92
Tips,2026-03-18,45.14
Amount collected,2026-03-18,2844.67
Unpaid balance,2026-03-18,0.0
Gross sales,2026-03-19,2425.26
Refunds,2026-03-19,0.0
Net sales,2026-03-19,2425.26
Overpayments,2026-03-19,0.0
Taxes expected,2026-03-19,225.73
Taxes collected,2026-03-19,225.73
Tips,2026-03-19,52.18
Amount collected,2026-03-19,2703.17
Unpaid balance,2026-03-19,0.0
Gross sales,2026-03-20,3072.67
Refunds,2026-03-20,0.0
Net sales,2026-03-20,3072.67
Overpayments,2026-03-20,0.0
Taxes expected,2026-03-20,278.4
Taxes collected,2026-03-20,278.4
Tips,2026-03-20,57.69
Amount collected,2026-03-20,3408.76
Unpaid balance,2026-03-20,0.0
Gross sales,2026-03-21,3309.01
Refunds,2026-03-21,0.0
Net sales,2026-03-21,3309.01
Overpayments,2026-03-21,0.0
Taxes expected,2026-03-21,307.69
Taxes collected,2026-03-21,307.69
Tips,2026-03-21,33.82
Amount collected,2026-03-21,3650.52
Unpaid balance,2026-03-21,0.0
Gross sales,2026-03-22,3059.32
Refunds,2026-03-22,0.0
Net sales,2026-03-22,3059.32
Overpayments,2026-03-22,0.0
Taxes expected,2026-03-22,276.99
Taxes collected,2026-03-22,276.99
Tips,2026-03-22,32.87
Amount collected,2026-03-22,3369.18
Unpaid balance,2026-03-22,0.0
Gross sales,2026-03-23,1826.31
Refunds,2026-03-23,0.0
Net sales,2026-03-23,1826.31
Overpayments,2026-03-23,0.0
Taxes expected,2026-03-23,165.65
Taxes collected,2026-03-23,165.65
Tips,2026-03-23,36.69
Amount collected,2026-03-23,2028.65
Unpaid balance,2026-03-23,0.0
Gross sales,2026-03-24,2054.88
Refunds,2026-03-24,0.0
Net sales,2026-03-24,2054.88
Overpayments,2026-03-24,0.0
Taxes expected,2026-03-24,188.98
Taxes collected,2026-03-24,188.98
Tips,2026-03-24,20.87
Amount collected,2026-03-24,2264.73
Unpaid balance,2026-03-24,0.0
Gross sales,2026-03-25,2369.07
Refunds,2026-03-25,0.0
Net sales,2026-03-25,2369.07
Overpayments,2026-03-25,0.0
Taxes expected,2026-03-25,216.54
Taxes collected,2026-03-25,216.54
Tips,2026-03-25,44.88
Amount collected,2026-03-25,2630.49
Unpaid balance,2026-03-25,0.0
Gross sales,2026-03-26,2234.97
Refunds,2026-03-26,0.0
Net sales,2026-03-26,2234.97
Overpayments,2026-03-26,0.0
Taxes expected,2026-03-26,205.32
Taxes collected,2026-03-26,205.32
Tips,2026-03-26,22.57
Amount collected,2026-03-26,2462.86
Unpaid balance,2026-03-26,0.0
Gross sales,2026-03-27,3148.66
Refunds,2026-03-27,0.0
Net sales,2026-03-27,3148.66
Overpayments,2026-03-27,0.0
Taxes expected,2026-03-27,288.05
Taxes collected,2026-03-27,287.31
Tips,2026-03-27,71.81
Amount collected,2026-03-27,3494.7
Unpaid balance,2026-03-27,13.08
Gross sales,2026-03-28,3616.52
Refunds,2026-03-28,0.0
Net sales,2026-03-28,3616.52
Overpayments,2026-03-28,0.0
Taxes expected,2026-03-28,327.53
Taxes collected,2026-03-28,327.53
Tips,2026-03-28,90.15
Amount collected,2026-03-28,4034.2
Unpaid balance,2026-03-28,0.0
Gross sales,2026-03-29,2739.0
Refunds,2026-03-29,0.0
Net sales,2026-03-29,2739.0
Overpayments,2026-03-29,0.0
Taxes expected,2026-03-29,249.5
Taxes collected,2026-03-29,249.5
Tips,2026-03-29,53.3
Amount collected,2026-03-29,3041.8
Unpaid balance,2026-03-29,0.0
Gross sales,2026-03-30,1773.95
Refunds,2026-03-30,0.0
Net sales,2026-03-30,1773.95
Overpayments,2026-03-30,0.0
Taxes expected,2026-03-30,160.62
Taxes collected,2026-03-30,159.72
Tips,2026-03-30,16.97
Amount collected,2026-03-30,1950.64
Unpaid balance,2026-03-30,0.0
Gross sales,2026-03-31,2144.16
Refunds,2026-03-31,0.0
Net sales,2026-03-31,2144.16
Overpayments,2026-03-31,0.0
Taxes expected,2026-03-31,193.8
Taxes collected,2026-03-31,193.8
Tips,2026-03-31,55.78
Amount collected,2026-03-31,2393.74
Unpaid balance,2026-03-31,0.0
Gross sales,2026-04-01,2173.61
Refunds,2026-04-01,0.0
Net sales,2026-04-01,2173.61
Overpayments,2026-04-01,0.0
Taxes expected,2026-04-01,197.54
Taxes collected,2026-04-01,197.54
Tips,2026-04-01,44.56
Amount collected,2026-04-01,2415.71
Unpaid balance,2026-04-01,0.0
Gross sales,2026-04-02,2311.96
Refunds,2026-04-02,0.0
Net sales,2026-04-02,2311.96
Overpayments,2026-04-02,0.0
Taxes expected,2026-04-02,209.62
Taxes collected,2026-04-02,209.21
Tips,2026-04-02,54.87
Amount collected,2026-04-02,2576.04
Unpaid balance,2026-04-02,0.0
Gross sales,2026-04-03,3341.97
Refunds,2026-04-03,0.0
Net sales,2026-04-03,3341.97
Overpayments,2026-04-03,0.0
Taxes expected,2026-04-03,308.24
Taxes collected,2026-04-03,308.24
Tips,2026-04-03,45.12
Amount collected,2026-04-03,3695.33
Unpaid balance,2026-04-03,0.0
Gross sales,2026-04-04,3144.23
Refunds,2026-04-04,0.0
Net sales,2026-04-04,3144.23
Overpayments,2026-04-04,0.0
Taxes expected,2026-04-04,289.08
Taxes collected,2026-04-04,289.08
Tips,2026-04-04,68.04
Amount collected,2026-04-04,3501.35
Unpaid balance,2026-04-04,0.0
Gross sales,2026-04-05,3354.83
Refunds,2026-04-05,0.0
Net sales,2026-04-05,3354.83
Overpayments,2026-04-05,0.0
Taxes expected,2026-04-05,307.91
Taxes collected,2026-04-05,307.91
Tips,2026-04-05,65.68
Amount collected,2026-04-05,3728.42
Unpaid balance,2026-04-05,0.0
Gross sales,2026-04-06,2153.85
Refunds,2026-04-06,0.0
Net sales,2026-04-06,2153.85
Overpayments,2026-04-06,0.0
Taxes expected,2026-04-06,195.75
Taxes collected,2026-04-06,195.75
Tips,2026-04-06,21.81
Amount collected,2026-04-06,2371.41
Unpaid balance,2026-04-06,0.0
Gross sales,2026-04-07,1978.87
Refunds,2026-04-07,0.0
Net sales,2026-04-07,1978.87
Overpayments,2026-04-07,0.0
Taxes expected,2026-04-07,182.27
Taxes collected,2026-04-07,182.27
Tips,2026-04-07,26.33
Amount collected,2026-04-07,2187.47
Unpaid balance,2026-04-07,0.0
Gross sales,2026-04-08,2629.71
Refunds,2026-04-08,0.0
Net sales,2026-04-08,2629.71
Overpayments,2026-04-08,0.0
Taxes expected,2026-04-08,240.74
Taxes collected,2026-04-08,240.74
Tips,2026-04-08,49.85
Amount collected,2026-04-08,2920.3
Unpaid balance,2026-04-08,0.0
Gross sales,2026-04-09,2698.36
Refunds,2026-04-09,0.0
Net sales,2026-04-09,2698.36
Overpayments,2026-04-09,0.0
Taxes expected,2026-04-09,244.21
Taxes collected,2026-04-09,244.21
Tips,2026-04-09,30.99
Amount collected,2026-04-09,2973.56
Unpaid balance,2026-04-09,0.0
Gross sales,2026-04-10,3328.07
Refunds,2026-04-10,0.0
Net sales,2026-04-10,3328.07
Overpayments,2026-04-10,0.0
Taxes expected,2026-04-10,306.75
Taxes collected,2026-04-10,306.75
Tips,2026-04-10,56.55
Amount collected,2026-04-10,3691.37
Unpaid balance,2026-04-10,0.0
Gross sales,2026-04-11,3020.38
Refunds,2026-04-11,0.0
Net sales,2026-04-11,3020.38
Overpayments,2026-04-11,0.0
Taxes expected,2026-04-11,277.07
Taxes collected,2026-04-11,277.07
Tips,2026-04-11,69.24
Amount collected,2026-04-11,3366.69
Unpaid balance,2026-04-11,0.0
Gross sales,2026-04-12,3010.72
Refunds,2026-04-12,0.0
Net sales,2026-04-12,3010.72
Overpayments,2026-04-12,0.0
Taxes expected,2026-04-12,273.26
Taxes collected,2026-04-12,273.26
Tips,2026-04-12,45.12
Amount collected,2026-04-12,3329.1
Unpaid balance,2026-04-12,0.0
Gross sales,2026-04-13,1714.98
Refunds,2026-04-13,0.0
Net sales,2026-04-13,1714.98
Overpayments,2026-04-13,0.0
Taxes expected,2026-04-13,155.33
Taxes collected,2026-04-13,155.33
Tips,2026-04-13,24.78
Amount collected,2026-04-13,1895.09
Unpaid balance,2026-04-13,0.0
Gross sales,2026-04-14,1828.81
Refunds,2026-04-14,0.0
Net sales,2026-04-14,1828.81
Overpayments,2026-04-14,0.0
Taxes expected,2026-04-14,165.58
Taxes collected,2026-04-14,165.58
Tips,2026-04-14,37.96
Amount collected,2026-04-14,2032.35
Unpaid balance,2026-04-14,0.0
Gross sales,2026-04-15,2278.93
Refunds,2026-04-15,0.0
Net sales,2026-04-15,2278.93
Overpayments,2026-04-15,0.0
Taxes expected,2026-04-15,207.77
Taxes collected,2026-04-15,207.77
Tips,2026-04-15,37.32
Amount collected,2026-04-15,2524.02
Unpaid balance,2026-04-15,0.0
Gross sales,2026-04-16,2385.08
Refunds,2026-04-16,0.0
Net sales,2026-04-16,2385.08
Overpayments,2026-04-16,0.28
Taxes expected,2026-04-16,217.35
Taxes collected,2026-04-16,217.35
Tips,2026-04-16,50.6
Amount collected,2026-04-16,2653.31
Unpaid balance,2026-04-16,0.0
Gross sales,2026-04-17,2956.68
Refunds,2026-04-17,0.0
Net sales,2026-04-17,2956.68
Overpayments,2026-04-17,0.0
Taxes expected,2026-04-17,274.29
Taxes collected,2026-04-17,274.29
Tips,2026-04-17,30.26
Amount collected,2026-04-17,3261.23
Unpaid balance,2026-04-17,0.0
Gross sales,2026-04-18,3069.35
Refunds,2026-04-18,0.0
Net sales,2026-04-18,3069.35
Overpayments,2026-04-18,0.0
Taxes expected,2026-04-18,280.15
Taxes collected,2026-04-18,279.68
Tips,2026-04-18,79.16
Amount collected,2026-04-18,3428.19
Unpaid balance,2026-04-18,0.0
Gross sales,2026-04-19,3208.59
Refunds,2026-04-19,0.0
Net sales,2026-04-19,3208.59
Overpayments,2026-04-19,0.0
Taxes expected,2026-04-19,292.46
Taxes collected,2026-04-19,292.46
Tips,2026-04-19,41.69
Amount collected,2026-04-19,3542.74
Unpaid balance,2026-04-19,0.0
Gross sales,2026-04-20,1862.14
Refunds,2026-04-20,0.0
Net sales,2026-04-20,1862.14
Overpayments,2026-04-20,0.0
Taxes expected,2026-04-20,169.92
Taxes collected,2026-04-20,169.92
Tips,2026-04-20,30.89
Amount collected,2026-04-20,2062.95
Unpaid balance,2026-04-20,0.0
Gross sales,2026-04-21,2161.85
Refunds,2026-04-21,0.0
Net sales,2026-04-21,2161.85
Overpayments,2026-04-21,0.0
Taxes expected,2026-04-21,200.75
Taxes collected,2026-04-21,200.75
Tips,2026-04-21,46.03
Amount collected,2026-04-21,2408.63
Unpaid balance,2026-04-21,0.0
Gross sales,2026-04-22,2419.79
Refunds,2026-04-22,0.0
Net sales,2026-04-22,2419.79
Overpayments,2026-04-22,0.0
Taxes expected,2026-04-22,224.07
Taxes collected,2026-04-22,224.07
Tips,2026-04-22,28.08
Amount collected,2026-04-22,2671.94
Unpaid balance,2026-04-22,0.0
Gross sales,2026-04-23,2258.62
Refunds,2026-04-23,0.0
Net sales,2026-04-23,2258.62
Overpayments,2026-04-23,0.0
Taxes expected,2026-04-23,206.77
Taxes collected,2026-04-23,206.77
Tips,2026-04-23,22.58
Amount collected,2026-04-23,2487.97
Unpaid balance,2026-04-23,0.0
Gross sales,2026-04-24,2815.57
Refunds,2026-04-24,0.0
Net sales,2026-04-24,2815.57
Overpayments,2026-04-24,0.0
Taxes expected,2026-04-24,256.06
Taxes collected,2026-04-24,256.06
Tips,2026-04-24,34.85
Amount collected,2026-04-24,3106.48
Unpaid balance,2026-04-24,0.0
Gross sales,2026-04-25,2834.23
Refunds,2026-04-25,0.0
Net sales,2026-04-25,2834.23
Overpayments,2026-04-25,0.0
Taxes expected,2026-04-25,257.39
Taxes collected,2026-04-25,257.39
Tips,2026-04-25,68.48
Amount collected,2026-04-25,3160.1
Unpaid balance,2026-04-25,0.0
Gross sales,2026-04-26,3169.36
Refunds,2026-04-26,0.0
Net sales,2026-04-26,3169.36
Overpayments,2026-04-26,0.0
Taxes expected,2026-04-26,287.94
Taxes collected,2026-04-26,287.94
Tips,2026-04-26,81.68
Amount collected,2026-04-26,3538.98
Unpaid balance,2026-04-26,0.0
Gross sales,2026-04-27,2008.59
Refunds,2026-04-27,0.0
Net sales,2026-04-27,2008.59
Overpayments,2026-04-27,0.0
Taxes expected,2026-04-27,181.64
Taxes collected,2026-04-27,181.64
Tips,2026-04-27,43.65
Amount collected,2026-04-27,2233.88
Unpaid balance,2026-04-27,0.0
Gross sales,2026-04-28,1972.64
Refunds,2026-04-28,0.0
Net sales,2026-04-28,1972.64
Overpayments,2026-04-28,0.0
Taxes expected,2026-04-28,182.7
Taxes collected,2026-04-28,182.7
Tips,2026-04-28,27.41
Amount collected,2026-04-28,2182.75
Unpaid balance,2026-04-28,0.0
Gross sales,2026-04-29,2574.5
Refunds,2026-04-29,0.0
Net sales,2026-04-29,2574.5
Overpayments,2026-04-29,0.0
Taxes expected,2026-04-29,232.84
Taxes collected,2026-04-29,232.84
Tips,2026-04-29,48.96
Amount collected,2026-04-29,2856.3
Unpaid balance,2026-04-29,0.0
Gross sales,2026-04-30,2458.35
Refunds,2026-04-30,0.0
Net sales,2026-04-30,2458.35
Overpayments,2026-04-30,0.0
Taxes expected,2026-04-30,228.55
Taxes collected,2026-04-30,228.55
Tips,2026-04-30,31.1
Amount collected,2026-04-30,2718.0
Unpaid balance,2026-04-30,0.0
Gross sales,2026-05-01,3209.79
Refunds,2026-05-01,0.0
Net sales,2026-05-01,3209.79
Overpayments,2026-05-01,0.0
Taxes expected,2026-05-01,297.46
Taxes collected,2026-05-01,297.46
Tips,2026-05-01,40.46
Amount collected,2026-05-01,3547.71
Unpaid balance,2026-05-01,0.0
Gross sales,2026-05-02,3476.21
Refunds,2026-05-02,0.0
Net sales,2026-05-02,3476.21
Overpayments,2026-05-02,0.0
Taxes expected,2026-05-02,323.27
Taxes collected,2026-05-02,323.27
Tips,2026-05-02,78.39
Amount collected,2026-05-02,3877.87
Unpaid balance,2026-05-02,0.0
Gross sales,2026-05-03,2760.44
Refunds,2026-05-03,0.0
Net sales,2026-05-03,2760.44
Overpayments,2026-05-03,1.93
Taxes expected,2026-05-03,251.17
Taxes collected,2026-05-03,251.17
Tips,2026-05-03,58.0
Amount collected,2026-05-03,3071.54
Unpaid balance,2026-05-03,0.0
Gross sales,2026-05-04,1912.95
Refunds,2026-05-04,0.0
Net sales,2026-05-04,1912.95
Overpayments,2026-05-04,0.0
Taxes expected,2026-05-04,172.92
Taxes collected,2026-05-04,172.92
Tips,2026-05-04,28.46
Amount collected,2026-05-04,2114.33
Unpaid balance,2026-05-04,0.0
Gross sales,2026-05-05,1980.89
Refunds,2026-05-05,0.0
Net sales,2026-05-05,1980.89
Overpayments,2026-05-05,0.0
Taxes expected,2026-05-05,181.66
Taxes collected,2026-05-05,181.66
Tips,2026-05-05,22.54
Amount collected,2026-05-05,2185.09
Unpaid balance,2026-05-05,0.0
Gross sales,2026-05-06,2135.09
Refunds,2026-05-06,0.0
Net sales,2026-05-06,2135.09
Overpayments,2026-05-06,0.0
Taxes expected,2026-05-06,194.4
Taxes collected,2026-05-06,194.4
Tips,2026-05-06,26.27
Amount collected,2026-05-06,2355.76
Unpaid balance,2026-05-06,0.0
Gross sales,2026-05-07,2660.6
Refunds,2026-05-07,0.0
Net sales,2026-05-07,2660.6
Overpayments,2026-05-07,0.0
Taxes expected,2026-05-07,245.0
Taxes collected,2026-05-07,245.0
Tips,2026-05-07,64.71
Amount collected,2026-05-07,2970.31
Unpaid balance,2026-05-07,0.0
Gross sales,2026-05-08,3294.82
Refunds,2026-05-08,0.0
Net sales,2026-05-08,3294.82
Overpayments,2026-05-08,0.0
Taxes expected,2026-05-08,305.21
Taxes collected,2026-05-08,305.21
Tips,2026-05-08,51.21
Amount collected,2026-05-08,3651.24
Unpaid balance,2026-05-08,0.0
Gross sales,2026-05-09,3416.73
Refunds,2026-05-09,0.0
Net sales,2026-05-09,3416.73
Overpayments,2026-05-09,0.0
Taxes expected,2026-05-09,315.82
Taxes collected,2026-05-09,315.82
Tips,2026-05-09,62.2
Amount collected,2026-05-09,3794.75
Unpaid balance,2026-05-09,0.0
Gross sales,2026-05-10,3084.16
Refunds,2026-05-10,0.0
Net sales,2026-05-10,3084.16
Overpayments,2026-05-10,0.0
Taxes expected,2026-05-10,285.65
Taxes collected,2026-05-10,285.65
Tips,2026-05-10,35.29
Amount collected,2026-05-10,3405.1
Unpaid balance,2026-05-10,0.0
Gross sales,2026-05-11,1891.42
Refunds,2026-05-11,0.0
Net sales,2026-05-11,1891.42
Overpayments,2026-05-11,0.0
Taxes expected,2026-05-11,172.58
Taxes collected,2026-05-11,172.58
Tips,2026-05-11,30.55
Amount collected,2026-05-11,2094.55
Unpaid balance,2026-05-11,0.0
Gross sales,2026-05-12,2150.55
Refunds,2026-05-12,0.0
Net sales,2026-05-12,2150.55
Overpayments,2026-05-12,0.0
Taxes expected,2026-05-12,199.47
Taxes collected,2026-05-12,199.47
Tips,2026-05-12,22.24
Amount collected,2026-05-12,2372.26
Unpaid balance,2026-05-12,0.0
Gross sales,2026-05-13,2189.41
Refunds,2026-05-13,0.0
Net sales,2026-05-13,2189.41
Overpayments,2026-05-13,0.0
Taxes expected,2026-05-13,199.18
Taxes collected,2026-05-13,199.18
Tips,2026-05-13,38.67
Amount collected,2026-05-13,2427.26
Unpaid balance,2026-05-13,0.0
Gross sales,2026-05-14,2253.55
Refunds,2026-05-14,0.0
Net sales,2026-05-14,2253.55
Overpayments,2026-05-14,0.0
Taxes expected,2026-05-14,209.78
Taxes collected,2026-05-14,209.78
Tips,2026-05-14,41.6
Amount collected,2026-05-14,2504.93
Unpaid balance,2026-05-14,0.0
Gross sales,2026-05-15,2876.26
Refunds,2026-05-15,0.0
Net sales,2026-05-15,2876.26
Overpayments,2026-05-15,0.0
Taxes expected,2026-05-15,262.71
Taxes collected,2026-05-15,262.71
Tips,2026-05-15,54.81
Amount collected,2026-05-15,3193.78
Unpaid balance,2026-05-15,0.0
Gross sales,2026-05-16,3824.78
Refunds,2026-05-16,0.0
Net sales,2026-05-16,3824.78
Overpayments,2026-05-16,0.0
Taxes expected,2026-05-16,350.74
Taxes collected,2026-05-16,350.74
Tips,2026-05-16,37.18
Amount collected,2026-05-16,4212.7
Unpaid balance,2026-05-16,0.0
Gross sales,2026-05-17,2894.41
Refunds,2026-05-17,0.0
Net sales,2026-05-17,2894.41
Overpayments,2026-05-17,0.0
Taxes expected,2026-05-17,269.48
Taxes collected,2026-05-17,269.48
Tips,2026-05-17,61.01
Amount collected,2026-05-17,3224.9
Unpaid balance,2026-05-17,0.0
Gross sales,2026-05-18,1829.57
Refunds,2026-05-18,0.0
Net sales,2026-05-18,1829.57
Overpayments,2026-05-18,0.0
Taxes expected,2026-05-18,166.33
Taxes collected,2026-05-18,166.33
Tips,2026-05-18,48.55
Amount collected,2026-05-18,2044.45
Unpaid balance,2026-05-18,0.0
Gross sales,2026-05-19,1891.58
Refunds,2026-05-19,0.0
Net sales,2026-05-19,1891.58
Overpayments,2026-05-19,0.0
Taxes expected,2026-05-19,174.6
Taxes collected,2026-05-19,174.6
Tips,2026-05-19,39.01
Amount collected,2026-05-19,2090.87
Unpaid balance,2026-05-19,14.32
Gross sales,2026-05-20,2325.3
Refunds,2026-05-20,0.0
Net sales,2026-05-20,2325.3
Overpayments,2026-05-20,0.0
Taxes expected,2026-05-20,213.42
Taxes collected,2026-05-20,213.42
Tips,2026-05-20,27.09
Amount collected,2026-05-20,2565.81
Unpaid balance,2026-05-20,0.0
Gross sales,2026-05-21,2704.66
Refunds,2026-05-21,0.0
Net sales,2026-05-21,2704.66
Overpayments,2026-05-21,0.0
Taxes expected,2026-05-21,250.42
Taxes collected,2026-05-21,250.42
Tips,2026-05-21,48.89
Amount collected,2026-05-21,3003.97
Unpaid balance,2026-05-21,0.0
Gross sales,2026-05-22,2931.65
Refunds,2026-05-22,0.0
Net sales,2026-05-22,2931.65
Overpayments,2026-05-22,0.0
Taxes expected,2026-05-22,270.22
Taxes collected,2026-05-22,270.22
Tips,2026-05-22,33.02
Amount collected,2026-05-22,3234.89
Unpaid balance,2026-05-22,0.0
Gross sales,2026-05-23,3547.77
Refunds,2026-05-23,0.0
Net sales,2026-05-23,3547.77
Overpayments,2026-05-23,0.0
Taxes expected,2026-05-23,321.62
Taxes collected,2026-05-23,321.62
Tips,2026-05-23,54.0
Amount collected,2026-05-23,3923.39
Unpaid balance,2026-05-23,0.0
Gross sales,2026-05-24,3195.97
Refunds,2026-05-24,0.0
Net sales,2026-05-24,3195.97
Overpayments,2026-05-24,0.0
Taxes expected,2026-05-24,291.76
Taxes collected,2026-05-24,291.76
Tips,2026-05-24,68.33
Amount collected,2026-05-24,3556.06
Unpaid balance,2026-05-24,0.0
Gross sales,2026-05-25,2008.14
Refunds,2026-05-25,0.0
Net sales,2026-05-25,2008.14
Overpayments,2026-05-25,0.0
Taxes expected,2026-05-25,184.17
Taxes collected,2026-05-25,184.17
Tips,2026-05-25,23.81
Amount collected,2026-05-25,2216.12
Unpaid balance,2026-05-25,0.0
Gross sales,2026-05-26,1989.8
Refunds,2026-05-26,0.0
Net sales,2026-05-26,1989.8
Overpayments,2026-05-26,0.0
Taxes expected,2026-05-26,180.04
Taxes collected,2026-05-26,180.04
Tips,2026-05-26,46.1
Amount collected,2026-05-26,2215.94
Unpaid balance,2026-05-26,0.0
Gross sales,2026-05-27,2242.68
Refunds,2026-05-27,0.0
Net sales,2026-05-27,2242.68
Overpayments,2026-05-27,0.0
Taxes expected,2026-05-27,204.72
Taxes collected,2026-05-27,204.72
Tips,2026-05-27,25.79
Amount collected,2026-05-27,2473.19
Unpaid balance,2026-05-27,0.0
Gross sales,2026-05-28,2706.96
Refunds,2026-05-28,0.0
Net sales,2026-05-28,2706.96
Overpayments,2026-05-28,0.0
Taxes expected,2026-05-28,245.02
Taxes collected,2026-05-28,245.02
Tips,2026-05-28,43.78
Amount collected,2026-05-28,2995.76
Unpaid balance,2026-05-28,0.0
Gross sales,2026-05-29,2786.14
Refunds,2026-05-29,0.0
Net sales,2026-05-29,2786.14
Overpayments,2026-05-29,0.0
Taxes expected,2026-05-29,257.26
Taxes collected,2026-05-29,257.26
Tips,2026-05-29,32.66
Amount collected,2026-05-29,3076.06
Unpaid balance,2026-05-29,0.0
Gross sales,2026-05-30,3120.78
Refunds,2026-05-30,0.0
Net sales,2026-05-30,3120.78
Overpayments,2026-05-30,0.0
Taxes expected,2026-05-30,283.81
Taxes collected,2026-05-30,283.81
Tips,2026-05-30,63.76
Amount collected,2026-05-30,3468.35
Unpaid balance,2026-05-30,0.0
Gross sales,2026-05-31,2906.57
Refunds,2026-05-31,0.0
Net sales,2026-05-31,2906.57
Overpayments,2026-05-31,0.0
Taxes expected,2026-05-31,266.29
Taxes collected,2026-05-31,266.29
Tips,2026-05-31,42.48
Amount collected,2026-05-31,3215.34
Unpaid balance,2026-05-31,0.0
Gross sales,2026-06-01,1937.3
Refunds,2026-06-01,0.0
Net sales,2026-06-01,1937.3
Overpayments,2026-06-01,0.0
Taxes expected,2026-06-01,176.94
Taxes collected,2026-06-01,176.94
Tips,2026-06-01,32.24
Amount collected,2026-06-01,2146.48
Unpaid balance,2026-06-01,0.0
Gross sales,2026-06-02,1961.76
Refunds,2026-06-02,0.0
Net sales,2026-06-02,1961.76
Overpayments,2026-06-02,0.0
Taxes expected,2026-06-02,178.66
Taxes collected,2026-06-02,178.66
Tips,2026-06-02,45.18
Amount collected,2026-06-02,2174.05
Unpaid balance,2026-06-02,11.55
Gross sales,2026-06-03,2312.97
Refunds,2026-06-03,0.0
Net sales,2026-06-03,2312.97
Overpayments,2026-06-03,0.0
Taxes expected,2026-06-03,211.55
Taxes collected,2026-06-03,210.79
Tips,2026-06-03,30.36
Amount collected,2026-06-03,2554.12
Unpaid balance,2026-06-03,0.0
Gross sales,2026-06-04,2671.89
Refunds,2026-06-04,0.0
Net sales,2026-06-04,2671.89
Overpayments,2026-06-04,0.0
Taxes expected,2026-06-04,244.75
Taxes collected,2026-06-04,244.75
Tips,2026-06-04,51.85
Amount collected,2026-06-04,2968.49
Unpaid balance,2026-06-04,0.0
Gross sales,2026-06-05,3053.8
Refunds,2026-06-05,0.0
Net sales,2026-06-05,3053.8
Overpayments,2026-06-05,0.0
Taxes expected,2026-06-05,277.66
Taxes collected,2026-06-05,277.66
Tips,2026-06-05,29.62
Amount collected,2026-06-05,3361.08
Unpaid balance,2026-06-05,0.0
Gross sales,2026-06-06,3736.53
Refunds,2026-06-06,0.0
Net sales,2026-06-06,3736.53
Overpayments,2026-06-06,0.0
Taxes expected,2026-06-06,339.17
Taxes collected,2026-06-06,339.17
Tips,2026-06-06,68.57
Amount collected,2026-06-06,4144.27
Unpaid balance,2026-06-06,0.0
Gross sales,2026-06-07,3100.87
Refunds,2026-06-07,0.0
Net sales,2026-06-07,3100.87
Overpayments,2026-06-07,0.0
Taxes expected,2026-06-07,283.37
Taxes collected,2026-06-07,283.37
Tips,2026-06-07,82.51
Amount collected,2026-06-07,3466.75
Unpaid balance,2026-06-07,0.0
Gross sales,2026-06-08,1757.32
Refunds,2026-06-08,0.0
Net sales,2026-06-08,1757.32
Overpayments,2026-06-08,0.7
Taxes expected,2026-06-08,161.05
Taxes collected,2026-06-08,161.05
Tips,2026-06-08,19.51
Amount collected,2026-06-08,1938.58
Unpaid balance,2026-06-08,0.0
Gross sales,2026-06-09,1935.78
Refunds,2026-06-09,0.0
Net sales,2026-06-09,1935.78
Overpayments,2026-06-09,0.0
Taxes expected,2026-06-09,177.45
Taxes collected,2026-06-09,177.45
Tips,2026-06-09,38.58
Amount collected,2026-06-09,2151.81
Unpaid balance,2026-06-09,0.0
Gross sales,2026-06-10,2249.44
Refunds,2026-06-10,0.0
Net sales,2026-06-10,2249.44
Overpayments,2026-06-10,0.0
Taxes expected,2026-06-10,204.19
Taxes collected,2026-06-10,204.19
Tips,2026-06-10,45.69
Amount collected,2026-06-10,2499.32
Unpaid balance,2026-06-10,0.0
Gross sales,2026-06-11,2800.07
Refunds,2026-06-11,0.0
Net sales,2026-06-11,2800.07
Overpayments,2026-06-11,0.0
Taxes expected,2026-06-11,253.58
Taxes collected,2026-06-11,253.58
Tips,2026-06-11,27.49
Amount collected,2026-06-11,3081.14
Unpaid balance,2026-06-11,0.0
Gross sales,2026-06-12,3160.88
Refunds,2026-06-12,0.0
Net sales,2026-06-12,3160.88
Overpayments,2026-06-12,0.0
Taxes expected,2026-06-12,287.22
Taxes collected,2026-06-12,287.22
Tips,2026-06-12,63.11
Amount collected,2026-06-12,3511.21
Unpaid balance,2026-06-12,0.0
Gross sales,2026-06-13,3884.05
Refunds,2026-06-13,0.0
Net sales,2026-06-13,3884.05
Overpayments,2026-06-13,0.0
Taxes expected,2026-06-13,351.51
Taxes collected,2026-06-13,351.51
Tips,2026-06-13,89.43
Amount collected,2026-06-13,4324.99
Unpaid balance,2026-06-13,0.0
Gross sales,2026-06-14,3118.84
Refunds,2026-06-14,0.0
Net sales,2026-06-14,3118.84
Overpayments,2026-06-14,0.0
Taxes expected,2026-06-14,289.4
Taxes collected,2026-06-14,289.4
Tips,2026-06-14,53.69
Amount collected,2026-06-14,3461.93
Unpaid balance,2026-06-14,0.0
Gross sales,2026-06-15,1943.49
Refunds,2026-06-15,0.0
Net sales,2026-06-15,1943.49
Overpayments,2026-06-15,0.0
Taxes expected,2026-06-15,180.04
Taxes collected,2026-06-15,180.04
Tips,2026-06-15,27.24
Amount collected,2026-06-15,2150.77
Unpaid balance,2026-06-15,0.0
Gross sales,2026-06-16,2079.05
Refunds,2026-06-16,0.0
Net sales,2026-06-16,2079.05
Overpayments,2026-06-16,0.0
Taxes expected,2026-06-16,193.23
Taxes collected,2026-06-16,193.23
Tips,2026-06-16,31.13
Amount collected,2026-06-16,2303.41
Unpaid balance,2026-06-16,0.0
Gross sales,2026-06-17,2523.52
Refunds,2026-06-17,0.0
Net sales,2026-06-17,2523.52
Overpayments,2026-06-17,0.0
Taxes expected,2026-06-17,234.19
Taxes collected,2026-06-17,234.19
Tips,2026-06-17,45.68
Amount collected,2026-06-17,2803.39
Unpaid balance,2026-06-17,0.0
Gross sales,2026-06-18,2878.61
Refunds,2026-06-18,0.0
Net sales,2026-06-18,2878.61
Overpayments,2026-06-18,0.0
Taxes expected,2026-06-18,264.31
Taxes collected,2026-06-18,264.31
Tips,2026-06-18,42.38
Amount collected,2026-06-18,3185.3
Unpaid balance,2026-06-18,0.0
Gross sales,2026-06-19,2980.13
Refunds,2026-06-19,0.0
Net sales,2026-06-19,2980.13
Overpayments,2026-06-19,0.0
Taxes expected,2026-06-19,273.58
Taxes collected,2026-06-19,273.58
Tips,2026-06-19,52.31
Amount collected,2026-06-19,3306.02
Unpaid balance,2026-06-19,0.0
Gross sales,2026-06-20,3430.41
Refunds,2026-06-20,0.0
Net sales,2026-06-20,3430.41
Overpayments,2026-06-20,0.0
Taxes expected,2026-06-20,316.46
Taxes collected,2026-06-20,316.46
Tips,2026-06-20,61.22
Amount collected,2026-06-20,3808.09
Unpaid balance,2026-06-20,0.0
Gross sales,2026-06-21,3486.75
Refunds,2026-06-21,0.0
Net sales,2026-06-21,3486.75
Overpayments,2026-06-21,0.0
Taxes expected,2026-06-21,315.84
Taxes collected,2026-06-21,315.84
Tips,2026-06-21,67.4
Amount collected,2026-06-21,3869.99
Unpaid balance,2026-06-21,0.0
Gross sales,2026-06-22,2093.92
Refunds,2026-06-22,0.0
Net sales,2026-06-22,2093.92
Overpayments,2026-06-22,0.0
Taxes expected,2026-06-22,191.76
Taxes collected,2026-06-22,191.76
Tips,2026-06-22,38.6
Amount collected,2026-06-22,2324.28
Unpaid balance,2026-06-22,0.0
Gross sales,2026-06-23,0.0
Refunds,2026-06-23,0.0
Net sales,2026-06-23,0.0
Overpayments,2026-06-23,0.0
Taxes expected,2026-06-23,0.0
Taxes collected,2026-06-23,0.0
Tips,2026-06-23,0.0
Amount collected,2026-06-23,0.0
Unpaid balance,2026-06-23,0.0
Gross sales,2026-06-24,2324.0
Refunds,2026-06-24,0.0
Net sales,2026-06-24,2324.0
Overpayments,2026-06-24,0.0
Taxes expected,2026-06-24,214.15
Taxes collected,2026-06-24,214.15
Tips,2026-06-24,46.26
Amount collected,2026-06-24,2584.41
Unpaid balance,2026-06-24,0.0
Gross sales,2026-06-25,2796.52
Refunds,2026-06-25,0.0
Net sales,2026-06-25,2796.52
Overpayments,2026-06-25,0.0
Taxes expected,2026-06-25,253.69
Taxes collected,2026-06-25,253.69
Tips,2026-06-25,42.78
Amount collected,2026-06-25,3092.99
Unpaid balance,2026-06-25,0.0
Gross sales,2026-06-26,3325.72
Refunds,2026-06-26,0.0
Net sales,2026-06-26,3325.72
Overpayments,2026-06-26,0.0
Taxes expected,2026-06-26,302.21
Taxes collected,2026-06-26,301.75
Tips,2026-06-26,68.63
Amount collected,2026-06-26,3696.1
Unpaid balance,2026-06-26,0.0
Gross sales,2026-06-27,3238.49
Refunds,2026-06-27,0.0
Net sales,2026-06-27,3238.49
Overpayments,2026-06-27,0.0
Taxes expected,2026-06-27,293.75
Taxes collected,2026-06-27,293.75
Tips,2026-06-27,66.68
Amount collected,2026-06-27,3598.92
Unpaid balance,2026-06-27,0.0
Gross sales,2026-06-28,3505.16
Refunds,2026-06-28,0.0
Net sales,2026-06-28,3505.16
Overpayments,2026-06-28,0.0
Taxes expected,2026-06-28,324.98
Taxes collected,2026-06-28,324.98
Tips,2026-06-28,61.55
Amount collected,2026-06-28,3891.69
Unpaid balance,2026-06-28,0.0
Gross sales,2026-06-29,2026.68
Refunds,2026-06-29,0.0
Net sales,2026-06-29,2026.68
Overpayments,2026-06-29,0.0
Taxes expected,2026-06-29,183.61
Taxes collected,2026-06-29,183.61
Tips,2026-06-29,33.99
Amount collected,2026-06-29,2244.28
Unpaid balance,2026-06-29,0.0
Gross sales,2026-06-30,2132.63
Refunds,2026-06-30,0.0
Net sales,2026-06-30,2132.63
Overpayments,2026-06-30,0.0
Taxes expected,2026-06-30,193.56
Taxes collected,2026-06-30,193.56
Tips,2026-06-30,44.92
Amount collected,2026-06-30,2371.11
Unpaid balance,2026-06-30,0.0
Gross sales,2026-07-01,2162.31
Refunds,2026-07-01,0.0
Net sales,2026-07-01,2162.31
Overpayments,2026-07-01,0.0
Taxes expected,2026-07-01,197.93
Taxes collected,2026-07-01,197.93
Tips,2026-07-01,34.21
Amount collected,2026-07-01,2394.45
Unpaid balance,2026-07-01,0.0
Gross sales,2026-07-02,2866.44
Refunds,2026-07-02,0.0
Net sales,2026-07-02,2866.44
Overpayments,2026-07-02,0.0
Taxes expected,2026-07-02,264.51
Taxes collected,2026-07-02,264.51
Tips,2026-07-02,42.42
Amount collected,2026-07-02,3173.37
Unpaid balance,2026-07-02,0.0
Gross sales,2026-07-03,3161.01
Refunds,2026-07-03,0.0
Net sales,2026-07-03,3161.01
Overpayments,2026-07-03,0.0
Taxes expected,2026-07-03,290.11
Taxes collected,2026-07-03,289.9
Tips,2026-07-03,80.67
Amount collected,2026-07-03,3531.58
Unpaid balance,2026-07-03,0.0
Gross sales,2026-07-04,0.0
Refunds,2026-07-04,0.0
Net sales,2026-07-04,0.0
Overpayments,2026-07-04,0.0
Taxes expected,2026-07-04,0.0
Taxes collected,2026-07-04,0.0
Tips,2026-07-04,0.0
Amount collected,2026-07-04,0.0
Unpaid balance,2026-07-04,0.0
Gross sales,2026-07-05,3467.05
Refunds,2026-07-05,0.0
Net sales,2026-07-05,3467.05
Overpayments,2026-07-05,0.0
Taxes expected,2026-07-05,321.28
Taxes collected,2026-07-05,321.28
Tips,2026-07-05,79.55
Amount collected,2026-07-05,3867.88
Unpaid balance,2026-07-05,0.0
Gross sales,2026-07-06,2154.09
Refunds,2026-07-06,0.0
Net sales,2026-07-06,2154.09
Overpayments,2026-07-06,0.0
Taxes expected,2026-07-06,194.81
Taxes collected,2026-07-06,194.81
Tips,2026-07-06,29.74
Amount collected,2026-07-06,2378.64
Unpaid balance,2026-07-06,0.0
Gross sales,2026-07-07,1901.53
Refunds,2026-07-07,0.0
Net sales,2026-07-07,1901.53
Overpayments,2026-07-07,0.0
Taxes expected,2026-07-07,172.56
Taxes collected,2026-07-07,172.56
Tips,2026-07-07,28.52
Amount collected,2026-07-07,2102.61
Unpaid balance,2026-07-07,0.0
Gross sales,2026-07-08,2386.41
Refunds,2026-07-08,0.0
Net sales,2026-07-08,2386.41
Overpayments,2026-07-08,0.0
Taxes expected,2026-07-08,221.87
Taxes collected,2026-07-08,221.87
Tips,2026-07-08,25.41
Amount collected,2026-07-08,2633.69
Unpaid balance,2026-07-08,0.0
Gross sales,2026-07-09,2479.32
Refunds,2026-07-09,0.0
Net sales,2026-07-09,2479.32
Overpayments,2026-07-09,0.0
Taxes expected,2026-07-09,230.62
Taxes collected,2026-07-09,230.62
Tips,2026-07-09,34.76
Amount collected,2026-07-09,2744.7
Unpaid balance,2026-07-09,0.0
Gross sales,2026-07-10,3752.72
Refunds,2026-07-10,0.0
Net sales,2026-07-10,3752.72
Overpayments,2026-07-10,0.0
Taxes expected,2026-07-10,345.29
Taxes collected,2026-07-10,345.29
Tips,2026-07-10,37.32
Amount collected,2026-07-10,4135.33
Unpaid balance,2026-07-10,0.0
Gross sales,2026-07-11,3687.84
Refunds,2026-07-11,0.0
Net sales,2026-07-11,3687.84
Overpayments,2026-07-11,0.0
Taxes expected,2026-07-11,338.02
Taxes collected,2026-07-11,338.02
Tips,2026-07-11,54.7
Amount collected,2026-07-11,4080.56
Unpaid balance,2026-07-11,0.0
Gross sales,2026-07-12,3263.53
Refunds,2026-07-12,0.0
Net sales,2026-07-12,3263.53
Overpayments,2026-07-12,0.0
Taxes expected,2026-07-12,303.5
Taxes collected,2026-07-12,303.5
Tips,2026-07-12,31.59
Amount collected,2026-07-12,3598.62
Unpaid balance,2026-07-12,0.0
Gross sales,2026-07-13,2051.26
Refunds,2026-07-13,0.0
Net sales,2026-07-13,2051.26
Overpayments,2026-07-13,0.0
Taxes expected,2026-07-13,189.98
Taxes collected,2026-07-13,189.98
Tips,2026-07-13,21.63
Amount collected,2026-07-13,2262.87
Unpaid balance,2026-07-13,0.0
Gross sales,2026-07-14,2206.97
Refunds,2026-07-14,0.0
Net sales,2026-07-14,2206.97
Overpayments,2026-07-14,0.0
Taxes expected,2026-07-14,200.71
Taxes collected,2026-07-14,200.71
Tips,2026-07-14,52.93
Amount collected,2026-07-14,2460.61
Unpaid balance,2026-07-14,0.0
Gross sales,2026-07-15,2577.9
Refunds,2026-07-15,0.0
Net sales,2026-07-15,2577.9
Overpayments,2026-07-15,0.0
Taxes expected,2026-07-15,234.46
Taxes collected,2026-07-15,232.93
Tips,2026-07-15,30.16
Amount collected,2026-07-15,2840.99
Unpaid balance,2026-07-15,0.0
Gross sales,2026-07-16,2679.88
Refunds,2026-07-16,0.0
Net sales,2026-07-16,2679.88
Overpayments,2026-07-16,0.0
Taxes expected,2026-07-16,245.39
Taxes collected,2026-07-16,245.39
Tips,2026-07-16,41.91
Amount collected,2026-07-16,2967.18
Unpaid balance,2026-07-16,0.0
Gross sales,2026-07-17,3109.42
Refunds,2026-07-17,0.0
Net sales,2026-07-17,3109.42
Overpayments,2026-07-17,0.0
Taxes expected,2026-07-17,283.98
Taxes collected,2026-07-17,283.98
Tips,2026-07-17,69.18
Amount collected,2026-07-17,3462.58
Unpaid balance,2026-07-17,0.0
Gross sales,2026-07-18,3812.38
Refunds,2026-07-18,0.0
Net sales,2026-07-18,3812.38
Overpayments,2026-07-18,0.0
Taxes expected,2026-07-18,349.27
Taxes collected,2026-07-18,349.27
Tips,2026-07-18,75.19
Amount collected,2026-07-18,4236.84
Unpaid balance,2026-07-18,0.0
Gross sales,2026-07-19,3525.05
Refunds,2026-07-19,0.0
Net sales,2026-07-19,3525.05
Overpayments,2026-07-19,0.0
Taxes expected,2026-07-19,322.09
Taxes collected,2026-07-19,322.09
Tips,2026-07-19,36.61
Amount collected,2026-07-19,3883.75
Unpaid balance,2026-07-19,0.0
Gross sales,2026-07-20,2077.13
Refunds,2026-07-20,0.0
Net sales,2026-07-20,2077.13
Overpayments,2026-07-20,0.0
Taxes expected,2026-07-20,189.43
Taxes collected,2026-07-20,189.43
Tips,2026-07-20,26.03
Amount collected,2026-07-20,2292.59
Unpaid balance,2026-07-20,0.0
Gross sales,2026-07-21,0.0
Refunds,2026-07-21,0.0
Net sales,2026-07-21,0.0
Overpayments,2026-07-21,0.0
Taxes expected,2026-07-21,0.0
Taxes collected,2026-07-21,0.0
Tips,2026-07-21,0.0
Amount collected,2026-07-21,0.0
Unpaid balance,2026-07-21,0.0
Gross sales,2026-07-22,2594.44
Refunds,2026-07-22,0.0
Net sales,2026-07-22,2594.44
Overpayments,2026-07-22,2.05
Taxes expected,2026-07-22,239.08
Taxes collected,2026-07-22,239.08
Tips,2026-07-22,49.32
Amount collected,2026-07-22,2884.89
Unpaid balance,2026-07-22,0.0
Gross sales,2026-07-23,2421.72
Refunds,2026-07-23,0.0
Net sales,2026-07-23,2421.72
Overpayments,2026-07-23,0.0
Taxes expected,2026-07-23,221.95
Taxes collected,2026-07-23,221.95
Tips,2026-07-23,23.78
Amount collected,2026-07-23,2667.45
Unpaid balance,2026-07-23,0.0
Gross sales,2026-07-24,3509.58
Refunds,2026-07-24,0.0
Net sales,2026-07-24,3509.58
Overpayments,2026-07-24,0.0
Taxes expected,2026-07-24,317.9
Taxes collected,2026-07-24,317.9
Tips,2026-07-24,64.86
Amount collected,2026-07-24,3892.34
Unpaid balance,2026-07-24,0.0
Gross sales,2026-07-25,3070.62
Refunds,2026-07-25,0.0
Net sales,2026-07-25,3070.62
Overpayments,2026-07-25,0.0
Taxes expected,2026-07-25,280.17
Taxes collected,2026-07-25,280.17
Tips,2026-07-25,37.35
Amount collected,2026-07-25,3388.14
Unpaid balance,2026-07-25,0.0
Gross sales,2026-07-26,3465.26
Refunds,2026-07-26,0.0
Net sales,2026-07-26,3465.26
Overpayments,2026-07-26,0.0
Taxes expected,2026-07-26,315.27
Taxes collected,2026-07-26,315.27
Tips,2026-07-26,73.66
Amount collected,2026-07-26,3854.19
Unpaid balance,2026-07-26,0.0
Gross sales,2026-07-27,1792.44
Refunds,2026-07-27,0.0
Net sales,2026-07-27,1792.44
Overpayments,2026-07-27,0.0
Taxes expected,2026-07-27,162.55
Taxes collected,2026-07-27,162.55
Tips,2026-07-27,45.6
Amount collected,2026-07-27,2000.59
Unpaid balance,2026-07-27,0.0
Gross sales,2026-07-28,2152.33
Refunds,2026-07-28,0.0
Net sales,2026-07-28,2152.33
Overpayments,2026-07-28,0.0
Taxes expected,2026-07-28,199.99
Taxes collected,2026-07-28,199.99
Tips,2026-07-28,55.28
Amount collected,2026-07-28,2407.6
Unpaid balance,2026-07-28,0.0
Gross sales,2026-07-29,2208.43
Refunds,2026-07-29,0.0
Net sales,2026-07-29,2208.43
Overpayments,2026-07-29,0.0
Taxes expected,2026-07-29,201.77
Taxes collected,2026-07-29,201.77
Tips,2026-07-29,52.95
Amount collected,2026-07-29,2463.15
Unpaid balance,2026-07-29,0.0
Gross sales,2026-07-30,2769.56
Refunds,2026-07-30,0.0
Net sales,2026-07-30,2769.56
Overpayments,2026-07-30,0.0
Taxes expected,2026-07-30,252.02
Taxes collected,2026-07-30,252.02
Tips,2026-07-30,60.44
Amount collected,2026-07-30,3082.02
Unpaid balance,2026-07-30,0.0
Gross sales,2026-07-31,3132.97
Refunds,2026-07-31,0.0
Net sales,2026-07-31,3132.97
Overpayments,2026-07-31,0.0
Taxes expected,2026-07-31,285.31
Taxes collected,2026-07-31,285.31
Tips,2026-07-31,58.79
Amount collected,2026-07-31,3477.07
Unpaid balance,2026-07-31,0.0
Gross sales,2026-08-01,3176.17
Refunds,2026-08-01,0.0
Net sales,2026-08-01,3176.17
Overpayments,2026-08-01,0.0
Taxes expected,2026-08-01,289.65
Taxes collected,2026-08-01,289.65
Tips,2026-08-01,57.14
Amount collected,2026-08-01,3522.96
Unpaid balance,2026-08-01,0.0
Gross sales,2026-08-02,2751.72
Refunds,2026-08-02,0.0
Net sales,2026-08-02,2751.72
Overpayments,2026-08-02,0.0
Taxes expected,2026-08-02,254.44
Taxes collected,2026-08-02,254.44
Tips,2026-08-02,65.13
Amount collected,2026-08-02,3071.29
Unpaid balance,2026-08-02,0.0
Gross sales,2026-08-03,2081.48
Refunds,2026-08-03,0.0
Net sales,2026-08-03,2081.48
Overpayments,2026-08-03,0.0
Taxes expected,2026-08-03,189.58
Taxes collected,2026-08-03,189.58
Tips,2026-08-03,30.46
Amount collected,2026-08-03,2301.52
Unpaid balance,2026-08-03,0.0
Gross sales,2026-08-04,2189.47
Refunds,2026-08-04,0.0
Net sales,2026-08-04,2189.47
Overpayments,2026-08-04,0.0
Taxes expected,2026-08-04,199.27
Taxes collected,2026-08-04,199.27
Tips,2026-08-04,26.45
Amount collected,2026-08-04,2415.19
Unpaid balance,2026-08-04,0.0
Gross sales,2026-08-05,2152.05
Refunds,2026-08-05,0.0
Net sales,2026-08-05,2152.05
Overpayments,2026-08-05,0.0
Taxes expected,2026-08-05,197.83
Taxes collected,2026-08-05,197.83
Tips,2026-08-05,20.55
Amount collected,2026-08-05,2370.43
Unpaid balance,2026-08-05,0.0
Gross sales,2026-08-06,2592.95
Refunds,2026-08-06,0.0
Net sales,2026-08-06,2592.95
Overpayments,2026-08-06,0.0
Taxes expected,2026-08-06,235.93
Taxes collected,2026-08-06,235.93
Tips,2026-08-06,43.98
Amount collected,2026-08-06,2872.86
Unpaid balance,2026-08-06,0.0
Gross sales,2026-08-07,2700.66
Refunds,2026-08-07,0.0
Net sales,2026-08-07,2700.66
Overpayments,2026-08-07,0.0
Taxes expected,2026-08-07,247.21
Taxes collected,2026-08-07,245.63
Tips,2026-08-07,60.06
Amount collected,2026-08-07,3006.35
Unpaid balance,2026-08-07,0.0
Gross sales,2026-08-08,3052.47
Refunds,2026-08-08,0.0
Net sales,2026-08-08,3052.47
Overpayments,2026-08-08,0.0
Taxes expected,2026-08-08,276.16
Taxes collected,2026-08-08,276.16
Tips,2026-08-08,66.73
Amount collected,2026-08-08,3395.36
Unpaid balance,2026-08-08,0.0
Gross sales,2026-08-09,3203.31
Refunds,2026-08-09,0.0
Net sales,2026-08-09,3203.31
Overpayments,2026-08-09,0.0
Taxes expected,2026-08-09,297.28
Taxes collected,2026-08-09,297.28
Tips,2026-08-09,64.92
Amount collected,2026-08-09,3565.51
Unpaid balance,2026-08-09,0.0
Gross sales,2026-08-10,2002.62
Refunds,2026-08-10,0.0
Net sales,2026-08-10,2002.62
Overpayments,2026-08-10,0.0
Taxes expected,2026-08-10,181.29
Taxes collected,2026-08-10,181.29
Tips,2026-08-10,42.3
Amount collected,2026-08-10,2226.21
Unpaid balance,2026-08-10,0.0
Gross sales,2026-08-11,2019.31
Refunds,2026-08-11,0.0
Net sales,2026-08-11,2019.31
Overpayments,2026-08-11,0.0
Taxes expected,2026-08-11,183.86
Taxes collected,2026-08-11,183.86
Tips,2026-08-11,52.7
Amount collected,2026-08-11,2255.87
Unpaid balance,2026-08-11,0.0
Gross sales,2026-08-12,2413.95
Refunds,2026-08-12,0.0
Net sales,2026-08-12,2413.95
Overpayments,2026-08-12,0.0
Taxes expected,2026-08-12,224.18
Taxes collected,2026-08-12,224.18
Tips,2026-08-12,37.95
Amount collected,2026-08-12,2676.08
Unpaid balance,2026-08-12,0.0
Gross sales,2026-08-13,2654.17
Refunds,2026-08-13,0.0
Net sales,2026-08-13,2654.17
Overpayments,2026-08-13,0.0
Taxes expected,2026-08-13,240.86
Taxes collected,2026-08-13,240.86
Tips,2026-08-13,33.68
Amount collected,2026-08-13,2928.71
Unpaid balance,2026-08-13,0.0
Gross sales,2026-08-14,2894.42
Refunds,2026-08-14,0.0
Net sales,2026-08-14,2894.42
Overpayments,2026-08-14,0.0
Taxes expected,2026-08-14,265.08
Taxes collected,2026-08-14,263.89
Tips,2026-08-14,34.94
Amount collected,2026-08-14,3193.25
Unpaid balance,2026-08-14,0.0
Gross sales,2026-08-15,3211.28
Refunds,2026-08-15,0.0
Net sales,2026-08-15,3211.28
Overpayments,2026-08-15,0.0
Taxes expected,2026-08-15,291.74
Taxes collected,2026-08-15,291.74
Tips,2026-08-15,45.77
Amount collected,2026-08-15,3538.63
Unpaid balance,2026-08-15,10.16
Gross sales,2026-08-16,2748.19
Refunds,2026-08-16,0.0
Net sales,2026-08-16,2748.19
Overpayments,2026-08-16,0.0
Taxes expected,2026-08-16,253.37
Taxes collected,2026-08-16,253.37
Tips,2026-08-16,68.86
Amount collected,2026-08-16,3058.71
Unpaid balance,2026-08-16,11.71
Gross sales,2026-08-17,1754.89
Refunds,2026-08-17,0.0
Net sales,2026-08-17,1754.89
Overpayments,2026-08-17,0.0
Taxes expected,2026-08-17,160.68
Taxes collected,2026-08-17,160.68
Tips,2026-08-17,21.66
Amount collected,2026-08-17,1937.23
Unpaid balance,2026-08-17,0.0
Gross sales,2026-08-18,2295.9
Refunds,2026-08-18,0.0
Net sales,2026-08-18,2295.9
Overpayments,2026-08-18,0.0
Taxes expected,2026-08-18,210.67
Taxes collected,2026-08-18,210.67
Tips,2026-08-18,42.85
Amount collected,2026-08-18,2549.42
Unpaid balance,2026-08-18,0.0
Gross sales,2026-08-19,2521.85
Refunds,2026-08-19,0.0
Net sales,2026-08-19,2521.85
Overpayments,2026-08-19,0.0
Taxes expected,2026-08-19,228.29
Taxes collected,2026-08-19,226.81
Tips,2026-08-19,24.75
Amount collected,2026-08-19,2773.41
Unpaid balance,2026-08-19,0.0
Gross sales,2026-08-20,2803.04
Refunds,2026-08-20,0.0
Net sales,2026-08-20,2803.04
Overpayments,2026-08-20,1.03
Taxes expected,2026-08-20,259.1
Taxes collected,2026-08-20,259.1
Tips,2026-08-20,60.42
Amount collected,2026-08-20,3123.59
Unpaid balance,2026-08-20,0.0
Gross sales,2026-08-21,3167.75
Refunds,2026-08-21,0.0
Net sales,2026-08-21,3167.75
Overpayments,2026-08-21,0.0
Taxes expected,2026-08-21,292.04
Taxes collected,2026-08-21,292.04
Tips,2026-08-21,52.57
Amount collected,2026-08-21,3512.36
Unpaid balance,2026-08-21,0.0
Gross sales,2026-08-22,3625.68
Refunds,2026-08-22,0.0
Net sales,2026-08-22,3625.68
Overpayments,2026-08-22,0.0
Taxes expected,2026-08-22,332.55
Taxes collected,2026-08-22,332.55
Tips,2026-08-22,58.88
Amount collected,2026-08-22,4017.11
Unpaid balance,2026-08-22,0.0
Gross sales,2026-08-23,2817.95
Refunds,2026-08-23,0.0
Net sales,2026-08-23,2817.95
Overpayments,2026-08-23,0.0
Taxes expected,2026-08-23,260.72
Taxes collected,2026-08-23,260.72
Tips,2026-08-23,68.24
Amount collected,2026-08-23,3146.91
Unpaid balance,2026-08-23,0.0
Gross sales,2026-08-24,2166.32
Refunds,2026-08-24,0.0
Net sales,2026-08-24,2166.32
Overpayments,2026-08-24,0.0
Taxes expected,2026-08-24,201.36
Taxes collected,2026-08-24,201.36
Tips,2026-08-24,38.51
Amount collected,2026-08-24,2406.19
Unpaid balance,2026-08-24,0.0
Gross sales,2026-08-25,1828.31
Refunds,2026-08-25,0.0
Net sales,2026-08-25,1828.31
Overpayments,2026-08-25,0.0
Taxes expected,2026-08-25,166.91
Taxes collected,2026-08-25,166.91
Tips,2026-08-25,18.66
Amount collected,2026-08-25,2013.88
Unpaid balance,2026-08-25,0.0
Gross sales,2026-08-26,2344.41
Refunds,2026-08-26,0.0
Net sales,2026-08-26,2344.41
Overpayments,2026-08-26,0.0
Taxes expected,2026-08-26,217.46
Taxes collected,2026-08-26,217.46
Tips,2026-08-26,29.06
Amount collected,2026-08-26,2590.93
Unpaid balance,2026-08-26,0.0
Gross sales,2026-08-27,2518.23
Refunds,2026-08-27,0.0
Net sales,2026-08-27,2518.23
Overpayments,2026-08-27,0.0
Taxes expected,2026-08-27,227.7
Taxes collected,2026-08-27,227.7
Tips,2026-08-27,37.86
Amount collected,2026-08-27,2783.79
Unpaid balance,2026-08-27,0.0
Gross sales,2026-08-28,3456.64
Refunds,2026-08-28,0.0
Net sales,2026-08-28,3456.64
Overpayments,2026-08-28,0.0
Taxes expected,2026-08-28,318.5
Taxes collected,2026-08-28,318.5
Tips,2026-08-28,71.36
Amount collected,2026-08-28,3846.5
Unpaid balance,2026-08-28,0.0
Gross sales,2026-08-29,3386.21
Refunds,2026-08-29,0.0
Net sales,2026-08-29,3386.21
Overpayments,2026-08-29,0.0
Taxes expected,2026-08-29,315.09
Taxes collected,2026-08-29,315.09
Tips,2026-08-29,48.54
Amount collected,2026-08-29,3749.84
Unpaid balance,2026-08-29,0.0
Gross sales,2026-08-30,3229.89
Refunds,2026-08-30,0.0
Net sales,2026-08-30,3229.89
Overpayments,2026-08-30,0.0
Taxes expected,2026-08-30,291.94
Taxes collected,2026-08-30,291.94
Tips,2026-08-30,40.4
Amount collected,2026-08-30,3562.23
Unpaid balance,2026-08-30,0.0
Gross sales,2026-08-31,2022.41
Refunds,2026-08-31,0.0
Net sales,2026-08-31,2022.41
Overpayments,2026-08-31,0.0
Taxes expected,2026-08-31,184.28
Taxes collected,2026-08-31,184.28
Tips,2026-08-31,40.23
Amount collected,2026-08-31,2246.92
Unpaid balance,2026-08-31,0.0
Gross sales,2026-09-01,1972.15
Refunds,2026-09-01,0.0
Net sales,2026-09-01,1972.15
Overpayments,2026-09-01,0.0
Taxes expected,2026-09-01,180.29
Taxes collected,2026-09-01,180.29
Tips,2026-09-01,32.4
Amount collected,2026-09-01,2184.84
Unpaid balance,2026-09-01,0.0
Gross sales,2026-09-02,2575.12
Refunds,2026-09-02,0.0
Net sales,2026-09-02,2575.12
Overpayments,2026-09-02,0.0
Taxes expected,2026-09-02,235.77
Taxes collected,2026-09-02,235.77
Tips,2026-09-02,43.18
Amount collected,2026-09-02,2854.07
Unpaid balance,2026-09-02,0.0
Gross sales,2026-09-03,2431.71
Refunds,2026-09-03,0.0
Net sales,2026-09-03,2431.71
Overpayments,2026-09-03,0.0
Taxes expected,2026-09-03,222.63
Taxes collected,2026-09-03,222.63
Tips,2026-09-03,60.38
Amount collected,2026-09-03,2714.72
Unpaid balance,2026-09-03,0.0
Gross sales,2026-09-04,3119.26
Refunds,2026-09-04,0.0
Net sales,2026-09-04,3119.26
Overpayments,2026-09-04,0.0
Taxes expected,2026-09-04,289.41
Taxes collected,2026-09-04,289.41
Tips,2026-09-04,72.5
Amount collected,2026-09-04,3481.17
Unpaid balance,2026-09-04,0.0
Gross sales,2026-09-05,3112.21
Refunds,2026-09-05,0.0
Net sales,2026-09-05,3112.21
Overpayments,2026-09-05,0.0
Taxes expected,2026-09-05,283.12
Taxes collected,2026-09-05,283.12
Tips,2026-09-05,70.71
Amount collected,2026-09-05,3466.04
Unpaid balance,2026-09-05,0.0
Gross sales,2026-09-06,3391.58
Refunds,2026-09-06,0.0
Net sales,2026-09-06,3391.58
Overpayments,2026-09-06,0.0
Taxes expected,2026-09-06,313.91
Taxes collected,2026-09-06,313.91
Tips,2026-09-06,34.56
Amount collected,2026-09-06,3740.05
Unpaid balance,2026-09-06,0.0
Gross sales,2026-09-07,2090.13
Refunds,2026-09-07,0.0
Net sales,2026-09-07,2090.13
Overpayments,2026-09-07,0.0
Taxes expected,2026-09-07,192.54
Taxes collected,2026-09-07,192.54
Tips,2026-09-07,54.24
Amount collected,2026-09-07,2336.91
Unpaid balance,2026-09-07,0.0
Gross sales,2026-09-08,0.0
Refunds,2026-09-08,0.0
Net sales,2026-09-08,0.0
Overpayments,2026-09-08,0.0
Taxes expected,2026-09-08,0.0
Taxes collected,2026-09-08,0.0
Tips,2026-09-08,0.0
Amount collected,2026-09-08,0.0
Unpaid balance,2026-09-08,0.0
Gross sales,2026-09-09,2483.93
Refunds,2026-09-09,0.0
Net sales,2026-09-09,2483.93
Overpayments,2026-09-09,0.0
Taxes expected,2026-09-09,228.41
Taxes collected,2026-09-09,228.41
Tips,2026-09-09,48.91
Amount collected,2026-09-09,2761.25
Unpaid balance,2026-09-09,0.0
Gross sales,2026-09-10,2269.89
Refunds,2026-09-10,0.0
Net sales,2026-09-10,2269.89
Overpayments,2026-09-10,0.0
Taxes expected,2026-09-10,205.42
Taxes collected,2026-09-10,205.42
Tips,2026-09-10,30.89
Amount collected,2026-09-10,2506.2
Unpaid balance,2026-09-10,0.0
Gross sales,2026-09-11,3109.88
Refunds,2026-09-11,0.0
Net sales,2026-09-11,3109.88
Overpayments,2026-09-11,0.0
Taxes expected,2026-09-11,284.82
Taxes collected,2026-09-11,283.62
Tips,2026-09-11,48.44
Amount collected,2026-09-11,3441.94
Unpaid balance,2026-09-11,0.0
Gross sales,2026-09-12,3076.56
Refunds,2026-09-12,0.0
Net sales,2026-09-12,3076.56
Overpayments,2026-09-12,0.0
Taxes expected,2026-09-12,284.35
Taxes collected,2026-09-12,284.35
Tips,2026-09-12,38.3
Amount collected,2026-09-12,3399.21
Unpaid balance,2026-09-12,0.0
Gross sales,2026-09-13,3148.97
Refunds,2026-09-13,0.0
Net sales,2026-09-13,3148.97
Overpayments,2026-09-13,0.0
Taxes expected,2026-09-13,293.08
Taxes collected,2026-09-13,293.08
Tips,2026-09-13,33.43
Amount collected,2026-09-13,3475.48
Unpaid balance,2026-09-13,0.0
Gross sales,2026-09-14,1971.41
Refunds,2026-09-14,0.0
Net sales,2026-09-14,1971.41
Overpayments,2026-09-14,0.0
Taxes expected,2026-09-14,181.67
Taxes collected,2026-09-14,181.67
Tips,2026-09-14,22.53
Amount collected,2026-09-14,2175.61
Unpaid balance,2026-09-14,0.0
Gross sales,2026-09-15,2073.03
Refunds,2026-09-15,0.0
Net sales,2026-09-15,2073.03
Overpayments,2026-09-15,0.0
Taxes expected,2026-09-15,191.35
Taxes collected,2026-09-15,191.35
Tips,2026-09-15,38.3
Amount collected,2026-09-15,2302.68
Unpaid balance,2026-09-15,0.0
Gross sales,2026-09-16,2304.15
Refunds,2026-09-16,0.0
Net sales,2026-09-16,2304.15
Overpayments,2026-09-16,0.0
Taxes expected,2026-09-16,210.01
Taxes collected,2026-09-16,210.01
Tips,2026-09-16,46.83
Amount collected,2026-09-16,2560.99
Unpaid balance,2026-09-16,0.0
Gross sales,2026-09-17,2468.05
Refunds,2026-09-17,0.0
Net sales,2026-09-17,2468.05
Overpayments,2026-09-17,0.0
Taxes expected,2026-09-17,223.69
Taxes collected,2026-09-17,223.69
Tips,2026-09-17,45.54
Amount collected,2026-09-17,2737.28
Unpaid balance,2026-09-17,0.0
Gross sales,2026-09-18,3032.08
Refunds,2026-09-18,0.0
Net sales,2026-09-18,3032.08
Overpayments,2026-09-18,0.0
Taxes expected,2026-09-18,277.3
Taxes collected,2026-09-18,277.3
Tips,2026-09-18,64.49
Amount collected,2026-09-18,3373.87
Unpaid balance,2026-09-18,0.0
Gross sales,2026-09-19,3263.37
Refunds,2026-09-19,0.0
Net sales,2026-09-19,3263.37
Overpayments,2026-09-19,0.0
Taxes expected,2026-09-19,297.55
Taxes collected,2026-09-19,297.55
Tips,2026-09-19,37.25
Amount collected,2026-09-19,3598.17
Unpaid balance,2026-09-19,0.0
Gross sales,2026-09-20,2815.38
Refunds,2026-09-20,0.0
Net sales,2026-09-20,2815.38
Overpayments,2026-09-20,0.0
Taxes expected,2026-09-20,256.96
Taxes collected,2026-09-20,256.96
Tips,2026-09-20,64.0
Amount collected,2026-09-20,3136.34
Unpaid balance,2026-09-20,0.0
Gross sales,2026-09-21,1860.17
Refunds,2026-09-21,0.0
Net sales,2026-09-21,1860.17
Overpayments,2026-09-21,0.0
Taxes expected,2026-09-21,168.82
Taxes collected,2026-09-21,168.82
Tips,2026-09-21,33.37
Amount collected,2026-09-21,2062.36
Unpaid balance,2026-09-21,0.0
Gross sales,2026-09-22,1971.17
Refunds,2026-09-22,0.0
Net sales,2026-09-22,1971.17
Overpayments,2026-09-22,0.0
Taxes expected,2026-09-22,181.09
Taxes collected,2026-09-22,181.09
Tips,2026-09-22,25.69
Amount collected,2026-09-22,2177.95
Unpaid balance,2026-09-22,0.0
Gross sales,2026-09-23,2580.0
Refunds,2026-09-23,0.0
Net sales,2026-09-23,2580.0
Overpayments,2026-09-23,0.97
Taxes expected,2026-09-23,237.71
Taxes collected,2026-09-23,237.71
Tips,2026-09-23,58.34
Amount collected,2026-09-23,2877.02
Unpaid balance,2026-09-23,0.0
Gross sales,2026-09-24,2366.74
Refunds,2026-09-24,0.0
Net sales,2026-09-24,2366.74
Overpayments,2026-09-24,0.0
Taxes expected,2026-09-24,215.12
Taxes collected,2026-09-24,215.12
Tips,2026-09-24,56.34
Amount collected,2026-09-24,2638.2
Unpaid balance,2026-09-24,0.0
Gross sales,2026-09-25,2944.58
Refunds,2026-09-25,0.0
Net sales,2026-09-25,2944.58
Overpayments,2026-09-25,0.0
Taxes expected,2026-09-25,270.88
Taxes collected,2026-09-25,270.88
Tips,2026-09-25,41.49
Amount collected,2026-09-25,3256.95
Unpaid balance,2026-09-25,0.0
Gross sales,2026-09-26,3480.05
Refunds,2026-09-26,0.0
Net sales,2026-09-26,3480.05
Overpayments,2026-09-26,0.0
Taxes expected,2026-09-26,316.91
Taxes collected,2026-09-26,316.91
Tips,2026-09-26,70.17
Amount collected,2026-09-26,3867.13
Unpaid balance,2026-09-26,0.0
Gross sales,2026-09-27,3109.27
Refunds,2026-09-27,0.0
Net sales,2026-09-27,3109.27
Overpayments,2026-09-27,0.0
Taxes expected,2026-09-27,286.61
Taxes collected,2026-09-27,286.61
Tips,2026-09-27,60.14
Amount collected,2026-09-27,3456.02
Unpaid balance,2026-09-27,0.0
Gross sales,2026-09-28,1749.38
Refunds,2026-09-28,0.0
Net sales,2026-09-28,1749.38
Overpayments,2026-09-28,0.0
Taxes expected,2026-09-28,160.86
Taxes collected,2026-09-28,160.86
Tips,2026-09-28,33.93
Amount collected,2026-09-28,1944.17
Unpaid balance,2026-09-28,0.0
Gross sales,2026-09-29,2220.33
Refunds,2026-09-29,0.0
Net sales,2026-09-29,2220.33
Overpayments,2026-09-29,0.0
Taxes expected,2026-09-29,204.53
Taxes collected,2026-09-29,204.53
Tips,2026-09-29,25.33
Amount collected,2026-09-29,2450.19
Unpaid balance,2026-09-29,0.0
Gross sales,2026-09-30,2334.45
Refunds,2026-09-30,0.0
Net sales,2026-09-30,2334.45
Overpayments,2026-09-30,0.0
Taxes expected,2026-09-30,213.84
Taxes collected,2026-09-30,213.84
Tips,2026-09-30,45.73
Amount collected,2026-09-30,2594.02
Unpaid balance,2026-09-30,0.0
Gross sales,2026-10-01,2618.78
Refunds,2026-10-01,0.0
Net sales,2026-10-01,2618.78
Overpayments,2026-10-01,0.0
Taxes expected,2026-10-01,239.34
Taxes collected,2026-10-01,239.34
Tips,2026-10-01,61.93
Amount collected,2026-10-01,2920.05
Unpaid balance,2026-10-01,0.0
Gross sales,2026-10-02,3264.44
Refunds,2026-10-02,0.0
Net sales,2026-10-02,3264.44
Overpayments,2026-10-02,0.0
Taxes expected,2026-10-02,298.35
Taxes collected,2026-10-02,298.35
Tips,2026-10-02,63.96
Amount collected,2026-10-02,3623.93
Unpaid balance,2026-10-02,2.82
Gross sales,2026-10-03,3568.61
Refunds,2026-10-03,0.0
Net sales,2026-10-03,3568.61
Overpayments,2026-10-03,0.0
Taxes expected,2026-10-03,324.76
Taxes collected,2026-10-03,324.76
Tips,2026-10-03,47.94
Amount collected,2026-10-03,3941.31
Unpaid balance,2026-10-03,0.0
Gross sales,2026-10-04,3437.8
Refunds,2026-10-04,0.0
Net sales,2026-10-04,3437.8
Overpayments,2026-10-04,0.0
Taxes expected,2026-10-04,315.95
Taxes collected,2026-10-04,315.95
Tips,2026-10-04,38.18
Amount collected,2026-10-04,3791.93
Unpaid balance,2026-10-04,0.0
Gross sales,2026-10-05,1792.16
Refunds,2026-10-05,0.0
Net sales,2026-10-05,1792.16
Overpayments,2026-10-05,0.0
Taxes expected,2026-10-05,166.75
Taxes collected,2026-10-05,166.75
Tips,2026-10-05,26.08
Amount collected,2026-10-05,1984.99
Unpaid balance,2026-10-05,0.0
Gross sales,2026-10-06,2300.29
Refunds,2026-10-06,0.0
Net sales,2026-10-06,2300.29
Overpayments,2026-10-06,0.0
Taxes expected,2026-10-06,213.48
Taxes collected,2026-10-06,213.48
Tips,2026-10-06,45.79
Amount collected,2026-10-06,2559.56
Unpaid balance,2026-10-06,0.0
Gross sales,2026-10-07,2509.9
Refunds,2026-10-07,0.0
Net sales,2026-10-07,2509.9
Overpayments,2026-10-07,0.0
Taxes expected,2026-10-07,229.24
Taxes collected,2026-10-07,229.24
Tips,2026-10-07,25.65
Amount collected,2026-10-07,2764.79
Unpaid balance,2026-10-07,0.0
Gross sales,2026-10-08,2287.38
Refunds,2026-10-08,0.0
Net sales,2026-10-08,2287.38
Overpayments,2026-10-08,0.0
Taxes expected,2026-10-08,208.29
Taxes collected,2026-10-08,208.29
Tips,2026-10-08,46.15
Amount collected,2026-10-08,2541.82
Unpaid balance,2026-10-08,0.0
Gross sales,2026-10-09,3539.48
Refunds,2026-10-09,0.0
Net sales,2026-10-09,3539.48
Overpayments,2026-10-09,0.0
Taxes expected,2026-10-09,323.07
Taxes collected,2026-10-09,323.07
Tips,2026-10-09,64.93
Amount collected,2026-10-09,3927.48
Unpaid balance,2026-10-09,0.0
Gross sales,2026-10-10,3199.3
Refunds,2026-10-10,0.0
Net sales,2026-10-10,3199.3
Overpayments,2026-10-10,0.0
Taxes expected,2026-10-10,291.87
Taxes collected,2026-10-10,291.87
Tips,2026-10-10,38.46
Amount collected,2026-10-10,3529.63
Unpaid balance,2026-10-10,0.0
Gross sales,2026-10-11,2729.5
Refunds,2026-10-11,0.0
Net sales,2026-10-11,2729.5
Overpayments,2026-10-11,0.0
Taxes expected,2026-10-11,249.69
Taxes collected,2026-10-11,249.69
Tips,2026-10-11,69.84
Amount collected,2026-10-11,3049.03
Unpaid balance,2026-10-11,0.0
Gross sales,2026-10-12,1948.15
Refunds,2026-10-12,0.0
Net sales,2026-10-12,1948.15
Overpayments,2026-10-12,0.0
Taxes expected,2026-10-12,177.14
Taxes collected,2026-10-12,177.14
Tips,2026-10-12,49.07
Amount collected,2026-10-12,2174.36
Unpaid balance,2026-10-12,0.0
Gross sales,2026-10-13,2080.44
Refunds,2026-10-13,0.0
Net sales,2026-10-13,2080.44
Overpayments,2026-10-13,0.0
Taxes expected,2026-10-13,188.16
Taxes collected,2026-10-13,188.16
Tips,2026-10-13,43.84
Amount collected,2026-10-13,2312.44
Unpaid balance,2026-10-13,0.0
Gross sales,2026-10-14,2269.42
Refunds,2026-10-14,0.0
Net sales,2026-10-14,2269.42
Overpayments,2026-10-14,0.0
Taxes expected,2026-10-14,209.64
Taxes collected,2026-10-14,209.64
Tips,2026-10-14,46.59
Amount collected,2026-10-14,2525.65
Unpaid balance,2026-10-14,0.0
Gross sales,2026-10-15,2725.68
Refunds,2026-10-15,0.0
Net sales,2026-10-15,2725.68
Overpayments,2026-10-15,0.0
Taxes expected,2026-10-15,252.0
Taxes collected,2026-10-15,252.0
Tips,2026-10-15,47.37
Amount collected,2026-10-15,3025.05
Unpaid balance,2026-10-15,0.0
Gross sales,2026-10-16,3244.2
Refunds,2026-10-16,0.0
Net sales,2026-10-16,3244.2
Overpayments,2026-10-16,0.0
Taxes expected,2026-10-16,293.74
Taxes collected,2026-10-16,293.74
Tips,2026-10-16,69.67
Amount collected,2026-10-16,3607.61
Unpaid balance,2026-10-16,0.0
Gross sales,2026-10-17,3352.17
Refunds,2026-10-17,0.0
Net sales,2026-10-17,3352.17
Overpayments,2026-10-17,0.0
Taxes expected,2026-10-17,307.74
Taxes collected,2026-10-17,307.74
Tips,2026-10-17,89.17
Amount collected,2026-10-17,3749.08
Unpaid balance,2026-10-17,0.0
Gross sales,2026-10-18,2879.95
Refunds,2026-10-18,0.0
Net sales,2026-10-18,2879.95
Overpayments,2026-10-18,0.0
Taxes expected,2026-10-18,260.35
Taxes collected,2026-10-18,259.79
Tips,2026-10-18,74.24
Amount collected,2026-10-18,3213.98
Unpaid balance,2026-10-18,0.0
Gross sales,2026-10-19,2062.93
Refunds,2026-10-19,0.0
Net sales,2026-10-19,2062.93
Overpayments,2026-10-19,0.0
Taxes expected,2026-10-19,191.94
Taxes collected,2026-10-19,191.94
Tips,2026-10-19,30.46
Amount collected,2026-10-19,2285.33
Unpaid balance,2026-10-19,0.0
Gross sales,2026-10-20,1977.97
Refunds,2026-10-20,0.0
Net sales,2026-10-20,1977.97
Overpayments,2026-10-20,0.0
Taxes expected,2026-10-20,182.9
Taxes collected,2026-10-20,182.9
Tips,2026-10-20,25.29
Amount collected,2026-10-20,2186.16
Unpaid balance,2026-10-20,0.0
Gross sales,2026-10-21,2615.44
Refunds,2026-10-21,0.0
Net sales,2026-10-21,2615.44
Overpayments,2026-10-21,0.0
Taxes expected,2026-10-21,242.94
Taxes collected,2026-10-21,242.94
Tips,2026-10-21,69.63
Amount collected,2026-10-21,2928.01
Unpaid balance,2026-10-21,0.0
Gross sales,2026-10-22,2282.01
Refunds,2026-10-22,0.0
Net sales,2026-10-22,2282.01
Overpayments,2026-10-22,0.0
Taxes expected,2026-10-22,207.34
Taxes collected,2026-10-22,207.34
Tips,2026-10-22,38.95
Amount collected,2026-10-22,2528.3
Unpaid balance,2026-10-22,0.0
Gross sales,2026-10-23,2987.08
Refunds,2026-10-23,0.0
Net sales,2026-10-23,2987.08
Overpayments,2026-10-23,1.73
Taxes expected,2026-10-23,274.7
Taxes collected,2026-10-23,273.64
Tips,2026-10-23,43.02
Amount collected,2026-10-23,3305.47
Unpaid balance,2026-10-23,0.0
Gross sales,2026-10-24,3787.38
Refunds,2026-10-24,0.0
Net sales,2026-10-24,3787.38
Overpayments,2026-10-24,0.0
Taxes expected,2026-10-24,351.49
Taxes collected,2026-10-24,351.49
Tips,2026-10-24,65.66
Amount collected,2026-10-24,4204.53
Unpaid balance,2026-10-24,0.0
Gross sales,2026-10-25,2915.48
Refunds,2026-10-25,0.0
Net sales,2026-10-25,2915.48
Overpayments,2026-10-25,0.0
Taxes expected,2026-10-25,270.32
Taxes collected,2026-10-25,270.32
Tips,2026-10-25,68.24
Amount collected,2026-10-25,3254.04
Unpaid balance,2026-10-25,0.0
Gross sales,2026-10-26,1867.13
Refunds,2026-10-26,0.0
Net sales,2026-10-26,1867.13
Overpayments,2026-10-26,0.0
Taxes expected,2026-10-26,171.49
Taxes collected,2026-10-26,171.49
Tips,2026-10-26,41.39
Amount collected,2026-10-26,2080.01
Unpaid balance,2026-10-26,0.0
Gross sales,2026-10-27,1978.81
Refunds,2026-10-27,0.0
Net sales,2026-10-27,1978.81
Overpayments,2026-10-27,0.0
Taxes expected,2026-10-27,183.25
Taxes collected,2026-10-27,183.25
Tips,2026-10-27,30.75
Amount collected,2026-10-27,2192.81
Unpaid balance,2026-10-27,0.0
Gross sales,2026-10-28,2312.59
Refunds,2026-10-28,0.0
Net sales,2026-10-28,2312.59
Overpayments,2026-10-28,0.0
Taxes expected,2026-10-28,214.3
Taxes collected,2026-10-28,214.3
Tips,2026-10-28,24.28
Amount collected,2026-10-28,2551.17
Unpaid balance,2026-10-28,0.0
Gross sales,2026-10-29,2630.13
Refunds,2026-10-29,0.0
Net sales,2026-10-29,2630.13
Overpayments,2026-10-29,0.0
Taxes expected,2026-10-29,241.43
Taxes collected,2026-10-29,241.43
Tips,2026-10-29,57.41
Amount collected,2026-10-29,2928.97
Unpaid balance,2026-10-29,0.0
Gross sales,2026-10-30,2894.24
Refunds,2026-10-30,0.0
Net sales,2026-10-30,2894.24
Overpayments,2026-10-30,0.0
Taxes expected,2026-10-30,268.29
Taxes collected,2026-10-30,268.29
Tips,2026-10-30,48.67
Amount collected,2026-10-30,3211.2
Unpaid balance,2026-10-30,0.0
Gross sales,2026-10-31,3900.0
Refunds,2026-10-31,0.0
Net sales,2026-10-31,3900.0
Overpayments,2026-10-31,0.0
Taxes expected,2026-10-31,359.98
Taxes collected,2026-10-31,359.98
Tips,2026-10-31,45.21
Amount collected,2026-10-31,4305.19
Unpaid balance,2026-10-31,0.0
Gross sales,2026-11-01,3529.73
Refunds,2026-11-01,0.0
Net sales,2026-11-01,3529.73
Overpayments,2026-11-01,0.0
Taxes expected,2026-11-01,319.06
Taxes collected,2026-11-01,317.98
Tips,2026-11-01,78.59
Amount collected,2026-11-01,3926.3
Unpaid balance,2026-11-01,0.0
Gross sales,2026-11-02,1909.86
Refunds,2026-11-02,0.0
Net sales,2026-11-02,1909.86
Overpayments,2026-11-02,0.0
Taxes expected,2026-11-02,176.46
Taxes collected,2026-11-02,176.46
Tips,2026-11-02,38.61
Amount collected,2026-11-02,2124.93
Unpaid balance,2026-11-02,0.0
Gross sales,2026-11-03,1888.99
Refunds,2026-11-03,0.0
Net sales,2026-11-03,1888.99
Overpayments,2026-11-03,0.0
Taxes expected,2026-11-03,173.85
Taxes collected,2026-11-03,173.85
Tips,2026-11-03,28.3
Amount collected,2026-11-03,2091.14
Unpaid balance,2026-11-03,0.0
Gross sales,2026-11-04,2655.47
Refunds,2026-11-04,0.0
Net sales,2026-11-04,2655.47
Overpayments,2026-11-04,0.0
Taxes expected,2026-11-04,245.55
Taxes collected,2026-11-04,245.55
Tips,2026-11-04,28.46
Amount collected,2026-11-04,2929.48
Unpaid balance,2026-11-04,0.0
Gross sales,2026-11-05,2416.11
Refunds,2026-11-05,0.0
Net sales,2026-11-05,2416.11
Overpayments,2026-11-05,0.0
Taxes expected,2026-11-05,222.67
Taxes collected,2026-11-05,222.67
Tips,2026-11-05,31.02
Amount collected,2026-11-05,2669.8
Unpaid balance,2026-11-05,0.0
Gross sales,2026-11-06,3444.04
Refunds,2026-11-06,0.0
Net sales,2026-11-06,3444.04
Overpayments,2026-11-06,0.0
Taxes expected,2026-11-06,314.05
Taxes collected,2026-11-06,314.05
Tips,2026-11-06,44.8
Amount collected,2026-11-06,3802.89
Unpaid balance,2026-11-06,0.0
Gross sales,2026-11-07,3173.64
Refunds,2026-11-07,0.0
Net sales,2026-11-07,3173.64
Overpayments,2026-11-07,0.0
Taxes expected,2026-11-07,291.32
Taxes collected,2026-11-07,291.32
Tips,2026-11-07,66.12
Amount collected,2026-11-07,3531.08
Unpaid balance,2026-11-07,0.0
Gross sales,2026-11-08,3127.22
Refunds,2026-11-08,0.0
Net sales,2026-11-08,3127.22
Overpayments,2026-11-08,0.0
Taxes expected,2026-11-08,283.67
Taxes collected,2026-11-08,283.67
Tips,2026-11-08,30.19
Amount collected,2026-11-08,3441.08
Unpaid balance,2026-11-08,0.0
Gross sales,2026-11-09,2111.09
Refunds,2026-11-09,0.0
Net sales,2026-11-09,2111.09
Overpayments,2026-11-09,0.0
Taxes expected,2026-11-09,196.42
Taxes collected,2026-11-09,196.42
Tips,2026-11-09,25.45
Amount collected,2026-11-09,2332.96
Unpaid balance,2026-11-09,0.0
Gross sales,2026-11-10,2258.47
Refunds,2026-11-10,0.0
Net sales,2026-11-10,2258.47
Overpayments,2026-11-10,0.0
Taxes expected,2026-11-10,209.86
Taxes collected,2026-11-10,209.86
Tips,2026-11-10,42.39
Amount collected,2026-11-10,2510.72
Unpaid balance,2026-11-10,0.0
Gross sales,2026-11-11,2505.14
Refunds,2026-11-11,0.0
Net sales,2026-11-11,2505.14
Overpayments,2026-11-11,0.0
Taxes expected,2026-11-11,227.49
Taxes collected,2026-11-11,227.49
Tips,2026-11-11,61.86
Amount collected,2026-11-11,2794.49
Unpaid balance,2026-11-11,0.0
Gross sales,2026-11-12,2348.41
Refunds,2026-11-12,0.0
Net sales,2026-11-12,2348.41
Overpayments,2026-11-12,0.0
Taxes expected,2026-11-12,216.77
Taxes collected,2026-11-12,216.77
Tips,2026-11-12,41.6
Amount collected,2026-11-12,2606.78
Unpaid balance,2026-11-12,0.0
Gross sales,2026-11-13,3467.98
Refunds,2026-11-13,0.0
Net sales,2026-11-13,3467.98
Overpayments,2026-11-13,0.0
Taxes expected,2026-11-13,315.7
Taxes collected,2026-11-13,315.7
Tips,2026-11-13,84.72
Amount collected,2026-11-13,3868.4
Unpaid balance,2026-11-13,0.0
Gross sales,2026-11-14,3438.0
Refunds,2026-11-14,0.0
Net sales,2026-11-14,3438.0
Overpayments,2026-11-14,0.0
Taxes expected,2026-11-14,313.06
Taxes collected,2026-11-14,313.06
Tips,2026-11-14,52.98
Amount collected,2026-11-14,3804.04
Unpaid balance,2026-11-14,0.0
Gross sales,2026-11-15,3028.32
Refunds,2026-11-15,0.0
Net sales,2026-11-15,3028.32
Overpayments,2026-11-15,0.0
Taxes expected,2026-11-15,277.49
Taxes collected,2026-11-15,277.49
Tips,2026-11-15,53.43
Amount collected,2026-11-15,3359.24
Unpaid balance,2026-11-15,0.0
Gross sales,2026-11-16,2038.24
Refunds,2026-11-16,0.0
Net sales,2026-11-16,2038.24
Overpayments,2026-11-16,0.0
Taxes expected,2026-11-16,187.3
Taxes collected,2026-11-16,187.3
Tips,2026-11-16,45.77
Amount collected,2026-11-16,2271.31
Unpaid balance,2026-11-16,0.0
Gross sales,2026-11-17,2293.52
Refunds,2026-11-17,0.0
Net sales,2026-11-17,2293.52
Overpayments,2026-11-17,0.0
Taxes expected,2026-11-17,211.01
Taxes collected,2026-11-17,211.01
Tips,2026-11-17,37.81
Amount collected,2026-11-17,2542.34
Unpaid balance,2026-11-17,0.0
Gross sales,2026-11-18,2489.31
Refunds,2026-11-18,0.0
Net sales,2026-11-18,2489.31
Overpayments,2026-11-18,0.0
Taxes expected,2026-11-18,225.55
Taxes collected,2026-11-18,225.55
Tips,2026-11-18,41.67
Amount collected,2026-11-18,2756.53
Unpaid balance,2026-11-18,0.0
Gross sales,2026-11-19,2602.44
Refunds,2026-11-19,0.0
Net sales,2026-11-19,2602.44
Overpayments,2026-11-19,0.0
Taxes expected,2026-11-19,240.69
Taxes collected,2026-11-19,240.69
Tips,2026-11-19,25.99
Amount collected,2026-11-19,2869.12
Unpaid balance,2026-11-19,0.0
Gross sales,2026-11-20,3088.13
Refunds,2026-11-20,0.0
Net sales,2026-11-20,3088.13
Overpayments,2026-11-20,0.0
Taxes expected,2026-11-20,283.84
Taxes collected,2026-11-20,283.84
Tips,2026-11-20,51.27
Amount collected,2026-11-20,3423.24
Unpaid balance,2026-11-20,0.0
Gross sales,2026-11-21,3286.84
Refunds,2026-11-21,0.0
Net sales,2026-11-21,3286.84
Overpayments,2026-11-21,0.0
Taxes expected,2026-11-21,302.4
Taxes collected,2026-11-21,302.4
Tips,2026-11-21,69.5
Amount collected,2026-11-21,3658.74
Unpaid balance,2026-11-21,0.0
Gross sales,2026-11-22,3011.62
Refunds,2026-11-22,0.0
Net sales,2026-11-22,3011.62
Overpayments,2026-11-22,0.0
Taxes expected,2026-11-22,278.73
Taxes collected,2026-11-22,278.73
Tips,2026-11-22,77.16
Amount collected,2026-11-22,3367.51
Unpaid balance,2026-11-22,0.0
Gross sales,2026-11-23,1953.99
Refunds,2026-11-23,0.0
Net sales,2026-11-23,1953.99
Overpayments,2026-11-23,0.0
Taxes expected,2026-11-23,179.13
Taxes collected,2026-11-23,179.13
Tips,2026-11-23,22.45
Amount collected,2026-11-23,2155.57
Unpaid balance,2026-11-23,0.0
Gross sales,2026-11-24,1884.18
Refunds,2026-11-24,0.0
Net sales,2026-11-24,1884.18
Overpayments,2026-11-24,0.0
Taxes expected,2026-11-24,175.27
Taxes collected,2026-11-24,175.27
Tips,2026-11-24,42.18
Amount collected,2026-11-24,2101.63
Unpaid balance,2026-11-24,0.0
Gross sales,2026-11-25,2237.15
Refunds,2026-11-25,0.0
Net sales,2026-11-25,2237.15
Overpayments,2026-11-25,0.0
Taxes expected,2026-11-25,205.25
Taxes collected,2026-11-25,205.25
Tips,2026-11-25,37.94
Amount collected,2026-11-25,2480.34
Unpaid balance,2026-11-25,0.0
Gross sales,2026-11-26,0.0
Refunds,2026-11-26,0.0
Net sales,2026-11-26,0.0
Overpayments,2026-11-26,0.0
Taxes expected,2026-11-26,0.0
Taxes collected,2026-11-26,0.0
Tips,2026-11-26,0.0
Amount collected,2026-11-26,0.0
Unpaid balance,2026-11-26,0.0
Gross sales,2026-11-27,3607.57
Refunds,2026-11-27,0.0
Net sales,2026-11-27,3607.57
Overpayments,2026-11-27,0.0
Taxes expected,2026-11-27,332.96
Taxes collected,2026-11-27,332.96
Tips,2026-11-27,76.27
Amount collected,2026-11-27,4016.8
Unpaid balance,2026-11-27,0.0
Gross sales,2026-11-28,3153.8
Refunds,2026-11-28,0.0
Net sales,2026-11-28,3153.8
Overpayments,2026-11-28,0.0
Taxes expected,2026-11-28,293.24
Taxes collected,2026-11-28,293.24
Tips,2026-11-28,79.85
Amount collected,2026-11-28,3526.89
Unpaid balance,2026-11-28,0.0
Gross sales,2026-11-29,2863.09
Refunds,2026-11-29,0.0
Net sales,2026-11-29,2863.09
Overpayments,2026-11-29,0.0
Taxes expected,2026-11-29,264.75
Taxes collected,2026-11-29,264.75
Tips,2026-11-29,74.16
Amount collected,2026-11-29,3202.0
Unpaid balance,2026-11-29,0.0
Gross sales,2026-11-30,1891.03
Refunds,2026-11-30,0.0
Net sales,2026-11-30,1891.03
Overpayments,2026-11-30,0.0
Taxes expected,2026-11-30,171.17
Taxes collected,2026-11-30,171.17
Tips,2026-11-30,33.09
Amount collected,2026-11-30,2095.29
Unpaid balance,2026-11-30,0.0
Gross sales,2026-12-01,2469.09
Refunds,2026-12-01,0.0
Net sales,2026-12-01,2469.09
Overpayments,2026-12-01,0.0
Taxes expected,2026-12-01,228.97
Taxes collected,2026-12-01,228.97
Tips,2026-12-01,31.15
Amount collected,2026-12-01,2729.21
Unpaid balance,2026-12-01,0.0
Gross sales,2026-12-02,2850.54
Refunds,2026-12-02,0.0
Net sales,2026-12-02,2850.54
Overpayments,2026-12-02,0.0
Taxes expected,2026-12-02,260.53
Taxes collected,2026-12-02,260.53
Tips,2026-12-02,39.29
Amount collected,2026-12-02,3150.36
Unpaid balance,2026-12-02,0.0
Gross sales,2026-12-03,3045.73
Refunds,2026-12-03,0.0
Net sales,2026-12-03,3045.73
Overpayments,2026-12-03,0.0
Taxes expected,2026-12-03,282.35
Taxes collected,2026-12-03,280.88
Tips,2026-12-03,32.66
Amount collected,2026-12-03,3359.27
Unpaid balance,2026-12-03,0.0
Gross sales,2026-12-04,3293.87
Refunds,2026-12-04,0.0
Net sales,2026-12-04,3293.87
Overpayments,2026-12-04,0.0
Taxes expected,2026-12-04,301.35
Taxes collected,2026-12-04,301.35
Tips,2026-12-04,33.72
Amount collected,2026-12-04,3628.94
Unpaid balance,2026-12-04,0.0
Gross sales,2026-12-05,3814.04
Refunds,2026-12-05,0.0
Net sales,2026-12-05,3814.04
Overpayments,2026-12-05,0.0
Taxes expected,2026-12-05,346.16
Taxes collected,2026-12-05,346.16
Tips,2026-12-05,59.15
Amount collected,2026-12-05,4219.35
Unpaid balance,2026-12-05,0.0
Gross sales,2026-12-06,3131.71
Refunds,2026-12-06,0.0
Net sales,2026-12-06,3131.71
Overpayments,2026-12-06,0.0
Taxes expected,2026-12-06,284.4
Taxes collected,2026-12-06,284.4
Tips,2026-12-06,78.59
Amount collected,2026-12-06,3494.7
Unpaid balance,2026-12-06,0.0
Gross sales,2026-12-07,2176.16
Refunds,2026-12-07,0.0
Net sales,2026-12-07,2176.16
Overpayments,2026-12-07,0.0
Taxes expected,2026-12-07,197.42
Taxes collected,2026-12-07,197.42
Tips,2026-12-07,25.26
Amount collected,2026-12-07,2398.84
Unpaid balance,2026-12-07,0.0
Gross sales,2026-12-08,2341.81
Refunds,2026-12-08,0.0
Net sales,2026-12-08,2341.81
Overpayments,2026-12-08,0.0
Taxes expected,2026-12-08,216.39
Taxes collected,2026-12-08,216.39
Tips,2026-12-08,22.4
Amount collected,2026-12-08,2580.6
Unpaid balance,2026-12-08,0.0
Gross sales,2026-12-09,2429.89
Refunds,2026-12-09,0.0
Net sales,2026-12-09,2429.89
Overpayments,2026-12-09,0.0
Taxes expected,2026-12-09,219.66
Taxes collected,2026-12-09,219.66
Tips,2026-12-09,24.9
Amount collected,2026-12-09,2674.45
Unpaid balance,2026-12-09,0.0
Gross sales,2026-12-10,2725.76
Refunds,2026-12-10,0.0
Net sales,2026-12-10,2725.76
Overpayments,2026-12-10,0.0
Taxes expected,2026-12-10,251.83
Taxes collected,2026-12-10,250.82
Tips,2026-12-10,69.7
Amount collected,2026-12-10,3046.28
Unpaid balance,2026-12-10,0.0
Gross sales,2026-12-11,2869.83
Refunds,2026-12-11,0.0
Net sales,2026-12-11,2869.83
Overpayments,2026-12-11,0.0
Taxes expected,2026-12-11,266.77
Taxes collected,2026-12-11,266.77
Tips,2026-12-11,30.78
Amount collected,2026-12-11,3167.38
Unpaid balance,2026-12-11,0.0
Gross sales,2026-12-12,3556.68
Refunds,2026-12-12,0.0
Net sales,2026-12-12,3556.68
Overpayments,2026-12-12,0.0
Taxes expected,2026-12-12,329.04
Taxes collected,2026-12-12,329.04
Tips,2026-12-12,74.76
Amount collected,2026-12-12,3960.48
Unpaid balance,2026-12-12,0.0
Gross sales,2026-12-13,3006.62
Refunds,2026-12-13,0.0
Net sales,2026-12-13,3006.62
Overpayments,2026-12-13,0.0
Taxes expected,2026-12-13,271.8
Taxes collected,2026-12-13,271.8
Tips,2026-12-13,70.18
Amount collected,2026-12-13,3348.6
Unpaid balance,2026-12-13,0.0
Gross sales,2026-12-14,2207.89
Refunds,2026-12-14,0.0
Net sales,2026-12-14,2207.89
Overpayments,2026-12-14,0.0
Taxes expected,2026-12-14,199.99
Taxes collected,2026-12-14,199.99
Tips,2026-12-14,51.34
Amount collected,2026-12-14,2459.22
Unpaid balance,2026-12-14,0.0
Gross sales,2026-12-15,2056.5
Refunds,2026-12-15,0.0
Net sales,2026-12-15,2056.5
Overpayments,2026-12-15,0.0
Taxes expected,2026-12-15,189.79
Taxes collected,2026-12-15,189.39
Tips,2026-12-15,47.3
Amount collected,2026-12-15,2293.19
Unpaid balance,2026-12-15,0.0
Gross sales,2026-12-16,2311.01
Refunds,2026-12-16,0.0
Net sales,2026-12-16,2311.01
Overpayments,2026-12-16,0.0
Taxes expected,2026-12-16,210.99
Taxes collected,2026-12-16,210.99
Tips,2026-12-16,33.14
Amount collected,2026-12-16,2555.14
Unpaid balance,2026-12-16,0.0
Gross sales,2026-12-17,2632.88
Refunds,2026-12-17,0.0
Net sales,2026-12-17,2632.88
Overpayments,2026-12-17,0.0
Taxes expected,2026-12-17,242.44
Taxes collected,2026-12-17,242.44
Tips,2026-12-17,31.96
Amount collected,2026-12-17,2907.28
Unpaid balance,2026-12-17,0.0
Gross sales,2026-12-18,3372.89
Refunds,2026-12-18,0.0
Net sales,2026-12-18,3372.89
Overpayments,2026-12-18,0.0
Taxes expected,2026-12-18,307.31
Taxes collected,2026-12-18,307.31
Tips,2026-12-18,82.87
Amount collected,2026-12-18,3763.07
Unpaid balance,2026-12-18,0.0
Gross sales,2026-12-19,3900.0
Refunds,2026-12-19,0.0
Net sales,2026-12-19,3900.0
Overpayments,2026-12-19,0.0
Taxes expected,2026-12-19,355.41
Taxes collected,2026-12-19,355.41
Tips,2026-12-19,83.74
Amount collected,2026-12-19,4339.15
Unpaid balance,2026-12-19,0.0
Gross sales,2026-12-20,3127.8
Refunds,2026-12-20,0.0
Net sales,2026-12-20,3127.8
Overpayments,2026-12-20,0.0
Taxes expected,2026-12-20,283.27
Taxes collected,2026-12-20,283.27
Tips,2026-12-20,63.51
Amount collected,2026-12-20,3474.58
Unpaid balance,2026-12-20,0.0
Gross sales,2026-12-21,2348.25
Refunds,2026-12-21,0.0
Net sales,2026-12-21,2348.25
Overpayments,2026-12-21,0.0
Taxes expected,2026-12-21,212.99
Taxes collected,2026-12-21,212.99
Tips,2026-12-21,34.24
Amount collected,2026-12-21,2595.48
Unpaid balance,2026-12-21,0.0
Gross sales,2026-12-22,2456.28
Refunds,2026-12-22,0.0
Net sales,2026-12-22,2456.28
Overpayments,2026-12-22,0.0
Taxes expected,2026-12-22,225.91
Taxes collected,2026-12-22,224.53
Tips,2026-12-22,51.8
Amount collected,2026-12-22,2732.61
Unpaid balance,2026-12-22,0.0
Gross sales,2026-12-23,2828.95
Refunds,2026-12-23,0.0
Net sales,2026-12-23,2828.95
Overpayments,2026-12-23,0.0
Taxes expected,2026-12-23,260.03
Taxes collected,2026-12-23,260.03
Tips,2026-12-23,36.49
Amount collected,2026-12-23,3125.47
Unpaid balance,2026-12-23,0.0
Gross sales,2026-12-24,2550.08
Refunds,2026-12-24,0.0
Net sales,2026-12-24,2550.08
Overpayments,2026-12-24,0.0
Taxes expected,2026-12-24,231.6
Taxes collected,2026-12-24,231.6
Tips,2026-12-24,31.8
Amount collected,2026-12-24,2813.48
Unpaid balance,2026-12-24,0.0
Gross sales,2026-12-25,0.0
Refunds,2026-12-25,0.0
Net sales,2026-12-25,0.0
Overpayments,2026-12-25,0.0
Taxes expected,2026-12-25,0.0
Taxes collected,2026-12-25,0.0
Tips,2026-12-25,0.0
Amount collected,2026-12-25,0.0
Unpaid balance,2026-12-25,0.0
Gross sales,2026-12-26,3800.91
Refunds,2026-12-26,0.0
Net sales,2026-12-26,3800.91
Overpayments,2026-12-26,0.0
Taxes expected,2026-12-26,349.68
Taxes collected,2026-12-26,349.68
Tips,2026-12-26,95.85
Amount collected,2026-12-26,4246.44
Unpaid balance,2026-12-26,0.0
Gross sales,2026-12-27,3270.07
Refunds,2026-12-27,0.0
Net sales,2026-12-27,3270.07
Overpayments,2026-12-27,0.0
Taxes expected,2026-12-27,299.86
Taxes collected,2026-12-27,299.86
Tips,2026-12-27,42.31
Amount collected,2026-12-27,3612.24
Unpaid balance,2026-12-27,0.0
Gross sales,2026-12-28,1960.96
Refunds,2026-12-28,0.0
Net sales,2026-12-28,1960.96
Overpayments,2026-12-28,0.0
Taxes expected,2026-12-28,179.88
Taxes collected,2026-12-28,179.88
Tips,2026-12-28,27.93
Amount collected,2026-12-28,2168.77
Unpaid balance,2026-12-28,0.0
Gross sales,2026-12-29,0.0
Refunds,2026-12-29,0.0
Net sales,2026-12-29,0.0
Overpayments,2026-12-29,0.0
Taxes expected,2026-12-29,0.0
Taxes collected,2026-12-29,0.0
Tips,2026-12-29,0.0
Amount collected,2026-12-29,0.0
Unpaid balance,2026-12-29,0.0
Gross sales,2026-12-30,2490.92
Refunds,2026-12-30,0.0
Net sales,2026-12-30,2490.92
Overpayments,2026-12-30,0.0
Taxes expected,2026-12-30,227.42
Taxes collected,2026-12-30,227.42
Tips,2026-12-30,62.62
Amount collected,2026-12-30,2780.96
Unpaid balance,2026-12-30,0.0
Gross sales,2026-12-31,2767.29
Refunds,2026-12-31,0.0
Net sales,2026-12-31,2767.29
Overpayments,2026-12-31,0.0
Taxes expected,2026-12-31,253.83
Taxes collected,2026-12-31,253.83
Tips,2026-12-31,36.62
Amount collected,2026-12-31,3057.74
Unpaid balance,2026-12-31,0.0
